"","id_play","Week","game_id","pos_team","def_pos_team","pos_team_score","def_pos_team_score","kicker_player_name","yds_fg","pts_scored","fgm","fga","fg_make_prob","fg_inds","FG_before","play_text","EPA","wpa","half","period","clock.minutes","clock.seconds","down","distance","yards_to_goal","fg_made","play_type"
"1","401403853102897501",0,401403853,"Hawai'i","Vanderbilt",10,14,"Matthew Shipley",40,3,1,1,0.672158198655559,1,0.692706208463993,"Matthew Shipley 40 yd FG GOOD",1.65103912004709,0.0362659,"1",2,10,24,4,15,23,TRUE,"Field Goal Good"
"2","401403854101904301",1,401403854,"Alabama","Utah State",3,0,"Will Reichard",45,3,1,1,0.58355174014756,1,0.617901562472597,"Will Reichard 45 yd FG GOOD",2.07107820603077,0.0687556,"1",1,9,56,4,3,28,TRUE,"Field Goal Good"
"3","401403854102974301",1,401403854,"Alabama","Utah State",34,0,"Will Reichard",33,3,1,1,0.786885522472235,1,0.798423152459784,"Will Reichard 33 yd FG GOOD",0.589910275376063,0.0054567,"1",2,2,56,4,15,16,TRUE,"Field Goal Good"
"4","401403855101998601",1,401403855,"Cincinnati","Arkansas",0,7,"Ryan Coe",25,0,0,1,0.897879661726428,1,0.908194466922475,"Ryan Coe 25 yd FG MISSED",-3.82782602398079,-0.0689859,"1",1,0,13,4,3,8,FALSE,"Field Goal Missed"
"5","401403855102988501",1,401403855,"Cincinnati","Arkansas",0,7,"Ryan Coe",48,0,0,1,0.525812504955746,1,0.533784102254343,"Ryan Coe 48 yd FG MISSED",-1.99895843560299,-0.0413864,"1",2,1,14,4,9,31,FALSE,"Field Goal Missed"
"6","401403855103955501",1,401403855,"Cincinnati","Arkansas",17,21,"Ryan Coe",26,3,1,1,0.886124175272648,1,0.898451118845484,"Ryan Coe 26 yd FG GOOD",0.439843797295702,9.86e-05,"2",3,4,44,4,8,9,TRUE,"Field Goal Good"
"7","401403855103987101",1,401403855,"Arkansas","Cincinnati",24,17,"Cam Little",32,3,1,1,0.802171025258863,1,0.821973347197518,"Cam Little 32 yd FG GOOD",0.749563512004888,0.0403707,"2",3,1,28,4,11,15,TRUE,"Field Goal Good"
"8","401403856104925001",1,401403856,"Mercer","Auburn",10,42,"Devin Folser",33,3,1,1,0.786885522472235,1,0.796371919453132,"Devin Folser 33 yd FG GOOD",1.16693284562444,0.0006475,"2",4,7,49,4,16,16,TRUE,"Field Goal Good"
"9","401403857102897301",1,401403857,"Utah","Florida",10,7,"Jordan Noyes",43,3,1,1,0.619714572628981,1,0.643934666418961,"Jordan Noyes 43 yd FG GOOD",1.87100657961533,0.0634482,"1",2,10,26,4,6,26,TRUE,"Field Goal Good"
"10","401403857102968101",1,401403857,"Utah","Florida",13,7,"Jordan Noyes",31,3,1,1,0.817196105671127,1,0.825360497016783,"Jordan Noyes 31 yd FG GOOD",0.655669821781604,0.0187013,"1",2,3,18,4,8,14,TRUE,"Field Goal Good"
"11","401403858102964201",1,401403858,"Oregon","Georgia",3,21,"Camden Lewis",35,3,1,1,0.755512505868963,1,0.764061761544609,"Camden Lewis 35 yd FG GOOD",1.11514120383374,0.004223,"1",2,3,57,4,16,18,TRUE,"Field Goal Good"
"12","401403859102907701",1,401403859,"Kentucky","Miami (OH)",10,7,"Matt Ruffolo",34,3,1,1,0.771338672335057,1,0.787851235925138,"Matt Ruffolo 34 yd FG GOOD",0.959856542713918,0.0358802,"1",2,9,22,4,11,17,TRUE,"Field Goal Good"
"13","401403859102938901",1,401403859,"Miami (OH)","Kentucky",10,10,"Graham Nicholson",48,3,1,1,0.525812504955746,1,0.545976990453486,"Graham Nicholson 48 yd FG GOOD",2.39338333298908,0.0935853,"1",2,6,10,4,5,31,TRUE,"Field Goal Good"
"14","401403859102999901",1,401403859,"Kentucky","Miami (OH)",13,10,"Matt Ruffolo",25,3,1,1,0.897879661726428,1,0.897879661726428,"Matt Ruffolo 25 yd FG GOOD",0.306361014820715,-0.1410186,"1",2,0,0,2,7,8,TRUE,"Field Goal Good"
"15","401403859103909501",1,401403859,"Miami (OH)","Kentucky",13,27,"Graham Nicholson",27,3,1,1,0.873530423694007,1,0.885213653277806,"Graham Nicholson 27 Yd Field Goal ",0.64032182592206,0.0459358,"2",3,9,4,4,10,10,TRUE,"Field Goal Good"
"16","401403859103989001",1,401403859,"Kentucky","Miami (OH)",30,13,"Matt Ruffolo",50,3,1,1,0.484598845866931,1,0.523424223942333,"Matt Ruffolo 50 Yd Field Goal ",2.45540055393029,0.0290064,"2",3,1,9,4,8,33,TRUE,"Field Goal Good"
"17","401403860102999901",1,401403860,"Troy","Ole Miss",3,21,"Brooks Buce",31,3,1,1,0.817196105671127,1,0.817196105671127,"Brooks Buce 31 yd FG GOOD",0.54841168298662,-0.0089366,"1",2,0,0,3,5,14,TRUE,"Field Goal Good"
"18","401403861102864201",1,401403861,"Memphis","Mississippi State",3,14,"Chris Howard",42,3,1,1,0.63737112952654,1,0.660125692007802,"Chris Howard 42 yd FG GOOD",2.04583388763848,0.0222942,"1",2,13,57,4,6,25,TRUE,"Field Goal Good"
"19","401403863102938701",1,401403863,"South Carolina","Georgia State",9,0,"Mitch Jeter",53,3,1,1,0.420541571384803,1,0.445404510624043,"Mitch Jeter 53 yd FG GOOD",2.91418070360737,0.1173589,"1",2,6,12,4,10,36,TRUE,"Field Goal Good"
"20","401403863102999901",1,401403863,"South Carolina","Georgia State",12,7,"Mitch Jeter",51,3,1,1,0.463390313952914,1,0.463390313952914,"Mitch Jeter 51 yd FG GOOD",1.60982905814126,-0.0289964,"1",2,0,0,2,10,34,TRUE,"Field Goal Good"
"21","401403864101919601",1,401403864,"Tennessee","Ball State",10,0,"Chase McGrath",34,3,1,1,0.771338672335057,1,0.796239009114993,"Chase McGrath 34 yd FG GOOD",0.821702458407018,0.038065,"1",1,8,3,4,5,17,TRUE,"Field Goal Good"
"22","401403864104974401",1,401403864,"Ball State","Tennessee",10,59,"Ben VonGunten",25,3,1,1,0.897879661726428,1,0.900406166013663,"Ben VonGunten 25 yd FG GOOD",0.472240718058171,1.39e-05,"2",4,2,55,4,4,8,TRUE,"Field Goal Good"
"23","401403865101928601",1,401403865,"Texas A&M","Sam Houston State",0,0,"Caden Davis",52,0,0,1,0.441981426192982,1,0.479624903007185,"Caden Davis 52 yd FG MISSED",-1.83686376957881,-0.0402737,"1",1,7,13,4,9,35,FALSE,"Field Goal Missed"
"24","401403865102954001",1,401403865,"Texas A&M","Sam Houston State",10,0,"Caden Davis",40,3,1,1,0.672158198655559,1,0.688369772695984,"Caden Davis 40 yd FG GOOD",1.32948092258837,0.0424027,"1",2,4,59,4,10,23,TRUE,"Field Goal Good"
"25","401403866102976701",1,401403866,"Elon","Vanderbilt",10,21,"Skyler Davis",48,3,1,1,0.525812504955746,1,0.537903730828207,"Skyler Davis 48 yd FG GOOD",2.2697215994121,0.0224676,"1",2,2,32,4,7,31,TRUE,"Field Goal Good"
"26","401403867101885801",1,401403867,"LSU","Florida State",0,3,"Damian Ramos",37,3,1,1,0.722965405698557,1,0.750757975065166,"Damian Ramos 37 yd FG GOOD",1.1684016876557,-0.2256303,"1",1,11,41,4,19,20,TRUE,"Field Goal Good"
"27","401403867101928401",1,401403867,"Florida State","LSU",3,0,"Ryan Fitzgerald",47,0,0,1,0.545617805175857,1,0.581404365056015,"Ryan Fitzgerald 47 yd FG MISSED",-4.89795549686451,-0.1582836,"1",1,7,15,4,10,30,FALSE,"Field Goal Missed"
"28","401403867102945601",1,401403867,"LSU","Florida State",7,3,"Damian Ramos",30,0,0,1,0.831930173180296,1,0.842110950679012,"Damian Ramos 30 yd FG BLOCKED blocked by Jared Verse",-6.34021033449164,-0.2057577,"1",2,5,43,4,11,13,FALSE,"Blocked Field Goal"
"29","401403867103917001",1,401403867,"Florida State","LSU",3,10,"Ryan Fitzgerald",25,3,1,1,0.897879661726428,1,0.910009304364246,"Ryan Fitzgerald 25 yd FG GOOD",0.35365189160842,-0.2327576,"2",3,8,29,4,7,8,TRUE,"Field Goal Good"
"30","401403966101955501",1,401403966,"Colorado","TCU",3,0,"Cole Becker",37,3,1,1,0.722965405698557,1,0.7485177141787,"Cole Becker 37 Yd Field Goal ",1.22316528948813,0.0299765,"1",1,4,44,4,12,20,TRUE,"Field Goal Good"
"31","401403966102926101",1,401403966,"Colorado","TCU",6,7,"Cole Becker",43,3,1,1,0.619714572628981,1,0.63946675368734,"Cole Becker 43 Yd Field Goal ",1.87116711106668,0.0705178,"1",2,7,38,4,7,26,TRUE,"Field Goal Good"
"32","401403966103965401",1,401403966,"TCU","Colorado",17,6,"Griffin Kell",33,3,1,1,0.786885522472235,1,0.809424206939655,"Griffin Kell 33 Yd Field Goal ",0.759387004744846,0.0377161,"2",3,3,45,4,5,16,TRUE,"Field Goal Good"
"33","401403967101929301",1,401403967,"Arizona","San Diego State",3,0,"Tyler Loop",25,3,1,1,0.897879661726428,1,0.910187224593367,"Tyler Loop 25 yd FG GOOD",0.330972073300527,0.0091607,"1",1,7,6,4,8,8,TRUE,"Field Goal Good"
"34","401403967102866801",1,401403967,"San Diego State","Arizona",3,10,"Jack Browning",44,3,1,1,0.601806172147826,1,0.626500339117604,"Jack Browning 44 yd FG GOOD",2.22367089088454,0.0496844,"1",2,13,31,4,13,27,TRUE,"Field Goal Good"
"35","401403967103966301",1,401403967,"San Diego State","Arizona",20,31,"Jack Browning",23,3,1,1,0.91858831898569,1,0.927212590591627,"Jack Browning 23 yd FG GOOD",0.330564077113428,-0.0078618,"2",3,3,36,4,6,6,TRUE,"Field Goal Good"
"36","401403968102999901",1,401403968,"California","UC Davis",17,7,"Dario Longhetto",32,3,1,1,0.802171025258863,1,0.802171025258863,"Dario Longhetto 32 yd FG GOOD",0.59348692422341,0.0438393,"1",2,0,0,1,10,15,TRUE,"Field Goal Good"
"37","401403968103929701",1,401403968,"California","UC Davis",27,13,"Dario Longhetto",41,3,1,1,0.654842744631629,1,0.688298794023928,"Dario Longhetto 41 yd FG GOOD",1.38533887798318,0.0298882,"2",3,7,2,4,8,24,TRUE,"Field Goal Good"
"38","401403968104975201",1,401403968,"UC Davis","California",13,34,"Isaiah Gomez",50,0,0,1,0.484598845866931,1,0.496568476397427,"Isaiah Gomez 50 yd FG MISSED",-2.0475408045088,0.0001013,"2",4,2,47,4,18,33,FALSE,"Field Goal Missed"
"39","401403969102897101",1,401403969,"Oregon State","Boise State",17,0,"Everett Hayes",20,3,1,1,0.942636279565224,1,0.948840363725582,"Everett Hayes 20 yd FG GOOD",0.134249456125117,0.0091677,"1",2,10,28,4,3,3,TRUE,"Field Goal Good"
"40","401403969102999901",1,401403969,"Boise State","Oregon State",0,24,"Jonah Dalmas",32,0,0,1,0.802171025258863,1,0.802171025258863,"Jonah Dalmas 32 yd FG MISSED",-2.40651307577659,-0.0109107,"1",2,0,0,2,10,15,FALSE,"Field Goal Missed"
"41","401403969103878801",1,401403969,"Boise State","Oregon State",3,24,"Jonah Dalmas",41,3,1,1,0.654842744631629,1,0.679217313517161,"Jonah Dalmas 41 yd FG GOOD",2.04055788131015,0.0049654,"2",3,12,11,4,8,24,TRUE,"Field Goal Good"
"42","401403969103974201",1,401403969,"Oregon State","Boise State",27,3,"Everett Hayes",23,3,1,1,0.91858831898569,1,0.929491987343909,"Everett Hayes 23 yd FG GOOD",0.147409892614575,0.0060025,"2",3,2,57,4,5,6,TRUE,"Field Goal Good"
"43","401403969104956201",1,401403969,"Oregon State","Boise State",34,17,"Everett Hayes",47,0,0,1,0.545617805175857,1,0.567035976259479,"Everett Hayes 47 yd FG MISSED",-1.68429038003186,-0.000897,"2",4,4,37,4,5,30,FALSE,"Field Goal Missed"
"44","401403969104996601",1,401403969,"Boise State","Oregon State",17,34,"Jonah Dalmas",32,0,0,1,0.802171025258863,1,0.805415035743993,"Jonah Dalmas 32 yd FG MISSED",-3.03327951457249,0.0087907,"2",4,0,33,4,11,15,FALSE,"Field Goal Missed"
"45","401403970101914801",1,401403970,"Colgate","Stanford",0,7,"Spencer Biscoe",33,0,0,1,0.786885522472235,1,0.807992966380597,"Spencer Biscoe 33 yd FG MISSED",-3.0841630405664,-0.0618083,"1",1,8,51,4,3,16,FALSE,"Field Goal Missed"
"46","401403970101964201",1,401403970,"Colgate","Stanford",0,7,"Spencer Biscoe",45,0,0,1,0.58355174014756,1,0.612877392876937,"Spencer Biscoe 45 yd FG MISSED",-2.47673857237443,-0.0433012,"1",1,3,57,4,9,28,FALSE,"Field Goal Missed"
"47","401403970103948201",1,401403970,"Colgate","Stanford",10,28,"Spencer Biscoe",25,3,1,1,0.897879661726428,1,0.907855358135936,"Spencer Biscoe 25 yd FG GOOD",0.472751950463817,-0.0019842,"2",3,5,17,4,7,8,TRUE,"Field Goal Good"
"48","401403971101957001",1,401403971,"Bowling Green","UCLA",10,7,"Mason Lawler",24,3,1,1,0.908714578920598,1,0.919528670928061,"Mason Lawler 24 yd FG GOOD",0.294732318145978,-0.0054349,"1",1,4,29,4,5,7,TRUE,"Field Goal Good"
"49","401403971102917101",1,401403971,"UCLA","Bowling Green",10,17,"Nicholas Barr-Mira",24,3,1,1,0.908714578920598,1,0.915450566923598,"Nicholas Barr-Mira 24 yd FG GOOD",0.35768906488777,0.0044472,"1",2,8,28,4,6,7,TRUE,"Field Goal Good"
"50","401403971103966301",1,401403971,"UCLA","Bowling Green",31,17,"Nicholas Barr-Mira",28,0,0,1,0.860213325209804,1,0.877050646932133,"Nicholas Barr-Mira 28 yd FG MISSED",-2.41600709910139,-0.0150336,"2",3,3,36,4,10,11,FALSE,"Field Goal Missed"
"51","401403971104916001",1,401403971,"UCLA","Bowling Green",38,17,"Nicholas Barr-Mira",44,0,0,1,0.601806172147826,1,0.629968497119463,"Nicholas Barr-Mira 44 yd FG MISSED",-1.63212762927604,0.0004633,"2",4,8,39,4,4,27,FALSE,"Field Goal Missed"
"52","401403973102955101",1,401403973,"Kent State","Washington",10,28,"Andrew Glass",42,3,1,1,0.63737112952654,1,0.649651325739393,"Andrew Glass 42 yd FG GOOD",1.84223079383778,0.0097751,"1",2,4,48,4,25,25,TRUE,"Field Goal Good"
"53","401403973102974301",1,401403973,"Kent State","Washington",13,28,"Andrew Glass",39,3,1,1,0.689308840183122,1,0.698571273802768,"Andrew Glass 39 yd FG GOOD",1.40358804290566,0.0065832,"1",2,2,56,4,7,22,TRUE,"Field Goal Good"
"54","401403973102997501",1,401403973,"Washington","Kent State",31,13,"Peyton Henry",38,3,1,1,0.706259503651492,1,0.712614163271402,"Peyton Henry 38 yd FG GOOD",1.07621712573047,-0.0026362,"1",2,0,24,4,10,21,TRUE,"Field Goal Good"
"55","401403974101967101",1,401403974,"Idaho","Washington State",10,0,"Ricardo Chavez",27,3,1,1,0.873530423694007,1,0.888262601289662,"Ricardo Chavez 27 yd FG GOOD",0.389359146036436,0.0215121,"1",1,3,28,4,10,10,TRUE,"Field Goal Good"
"56","401403974102896001",1,401403974,"Washington State","Idaho",0,10,"Dean Janikowski",51,0,0,1,0.463390313952914,1,0.488841011873307,"Dean Janikowski 51 yd FG MISSED",-2.21928278589033,-0.0255052,"1",2,10,39,4,10,34,FALSE,"Field Goal Missed"
"57","401403974102999301",1,401403974,"Washington State","Idaho",10,10,"Dean Janikowski",34,3,1,1,0.771338672335057,1,0.775306682365515,"Dean Janikowski 34 yd FG GOOD",0.850148171151688,-0.0275883,"1",2,0,6,4,17,17,TRUE,"Field Goal Good"
"58","401403974104994601",1,401403974,"Washington State","Idaho",24,17,"Dean Janikowski",23,0,0,1,0.91858831898569,1,0.920681950782059,"Dean Janikowski 23 yd FG MISSED",-3.31145139027594,-0.0026057,"2",4,0,53,4,6,6,FALSE,"Field Goal Missed"
"59","401404052101955701",1,401404052,"Tennessee Tech","Kansas",0,21,"Devin Parker",50,-7,0,1,0.484598845866931,1,0.514259648708856,"Devin Parker 50 yd FG BLOCKED blocked by Jereme Robinson for a TD , Cobee Bryant return for 61 yds for a TD, (Jacob Borcila KICK)",-6.80327485108576,-0.0644607,"1",1,4,42,4,8,33,FALSE,"Blocked Field Goal Touchdown"
"60","401404052102859201",1,401404052,"Tennessee Tech","Kansas",3,21,"Devin Parker",28,3,1,1,0.860213325209804,1,0.871420592181244,"Devin Parker 28 yd FG GOOD",0.689546356541126,-0.0020395,"1",2,14,7,4,9,11,TRUE,"Field Goal Good"
"61","401404052103907201",1,401404052,"Kansas","Tennessee Tech",35,3,"Jacob Borcila",40,0,0,1,0.672158198655559,1,0.711002263979333,"Jacob Borcila 40 yd FG MISSED",-0.784967006958181,0.0038632,"2",3,9,27,4,6,23,FALSE,"Field Goal Missed"
"62","401404052103956501",1,401404052,"Tennessee Tech","Kansas",3,35,"Devin Parker",27,0,0,1,0.873530423694007,1,0.883886597910992,"Devin Parker 27 yd FG MISSED",-4.89902303527585,0.001733,"2",3,4,34,4,10,10,FALSE,"Field Goal Missed"
"63","401404055101977001",1,401404055,"Murray State","Texas Tech",3,14,"Aaron Baum",31,3,1,1,0.817196105671127,1,0.833247287523044,"Aaron Baum 31 yd FG GOOD",0.874002260993704,0.00491,"1",1,2,29,4,13,14,TRUE,"Field Goal Good"
"64","401404056104944901",1,401404056,"Kansas State","South Dakota",34,0,"Chris Tennant",43,0,0,1,0.619714572628981,1,0.644899781296611,"Chris Tennant 43 yd FG MISSED",-1.3550713591029,0.0002275,"2",4,5,50,4,9,26,FALSE,"Field Goal Missed"
"65","401404057102947701",1,401404057,"Southeast Missouri State","Iowa State",0,21,"DC Pippin",41,0,0,1,0.654842744631629,1,0.667453314774375,"DC Pippin 41 yd FG BLOCKED blocked by",-2.84828404550211,-0.0112801,"1",2,5,22,4,10,24,FALSE,"Blocked Field Goal"
"66","401404057102997101",1,401404057,"Southeast Missouri State","Iowa State",10,21,"DC Pippin",23,3,1,1,0.91858831898569,1,0.920104353323955,"DC Pippin 23 yd FG GOOD",0.294168867633319,-0.0372368,"1",2,0,28,4,5,6,TRUE,"Field Goal Good"
"67","401404059101948801",1,401404059,"Louisiana Monroe","Texas",3,7,"Calum Sutherland",25,3,1,1,0.897879661726428,1,0.909225856443961,"Calum Sutherland 25 yd FG GOOD",0.383778481880373,-0.0121336,"1",1,5,11,4,8,8,TRUE,"Field Goal Good"
"68","401404059102968501",1,401404059,"Texas","Louisiana Monroe",24,3,"Bert Auburn",41,3,1,1,0.654842744631629,1,0.67029987760868,"Bert Auburn 41 yd FG GOOD",1.24436614345657,0.0087152,"1",2,3,14,4,23,24,TRUE,"Field Goal Good"
"69","401404059102999901",1,401404059,"Texas","Louisiana Monroe",24,3,"Bert Auburn",38,0,0,1,0.706259503651492,1,0.706259503651492,"Bert Auburn 38 yd FG MISSED",-2.11877851095448,-0.0026507,"1",2,0,0,1,10,21,FALSE,"Field Goal Missed"
"70","401404124101878601",1,401404124,"Notre Dame","Ohio State",3,0,"Blake Grupe",33,3,1,1,0.786885522472235,1,0.810215178300318,"Blake Grupe 33 Yd Field Goal",0.816579897179129,0.0115244,"1",1,12,13,4,8,16,TRUE,"Field Goal Good"
"71","401404124102996401",1,401404124,"Ohio State","Notre Dame",7,10,"Noah Ruggles",39,0,0,1,0.689308840183122,1,0.694858596619183,"Noah Ruggles 39 Yard Field Goal Missed",-2.46826340166335,-0.1229098,"1",2,0,35,4,6,22,FALSE,"Field Goal Missed"
"72","401404134103916901",1,401404134,"Coastal Carolina","Army",17,14,"Kade Hensley",25,3,1,1,0.897879661726428,1,0.910388371516012,"Kade Hensley 25 yd FG GOOD",0.32641726898365,0.001888,"2",3,8,30,4,7,8,TRUE,"Field Goal Good"
"73","401404146102999801",0,401404146,"Utah State","Connecticut",24,14,"Connor Coles",45,3,1,1,0.58355174014756,1,0.58355174014756,"Connor Coles 45 yd FG GOOD",1.24934477955732,0.0116165,"1",2,0,1,4,9,28,TRUE,"Field Goal Good"
"74","401404146104867101",0,401404146,"Connecticut","Utah State",17,24,"Noe Ruelas",47,3,1,1,0.545617805175857,1,0.571784628104257,"Noe Ruelas 47 yd FG GOOD",2.63424982653258,0.0515687,"2",4,13,28,4,6,30,TRUE,"Field Goal Good"
"75","401404146104899001",0,401404146,"Connecticut","Utah State",20,24,"Noe Ruelas",54,3,1,1,0.399229874449276,1,0.426195778000099,"Noe Ruelas 54 yd FG GOOD",3.59480459870168,0.1052292,"2",4,10,9,4,9,37,TRUE,"Field Goal Good"
"76","401404147102867001",1,401404147,"Connecticut","Central Connecticut",0,0,"Noe Ruelas",45,0,0,1,0.58355174014756,1,0.611882208124567,"Noe Ruelas 45 yd FG BLOCKED blocked by",-4.14139659225135,-0.1311938,"1",2,13,29,4,3,28,FALSE,"Blocked Field Goal"
"77","401404147102886701",1,401404147,"Central Connecticut","Connecticut",3,0,"Cristiano Rosa",28,3,1,1,0.860213325209804,1,0.872778935208254,"Cristiano Rosa 28 yd FG GOOD",0.524512244828228,0.0064237,"1",2,11,32,4,8,11,TRUE,"Field Goal Good"
"78","401404147102979501",1,401404147,"Central Connecticut","Connecticut",3,7,"Cristiano Rosa",41,0,0,1,0.654842744631629,1,0.662523840227322,"Cristiano Rosa 41 yd FG BLOCKED blocked by",-2.63496918164493,-0.0924609,"1",2,2,4,4,14,24,FALSE,"Blocked Field Goal"
"79","401404147103909401",1,401404147,"Central Connecticut","Connecticut",3,7,"Cristiano Rosa",14,0,0,1,0.971860303240004,1,0.975917990701189,"Cristiano Rosa 14 yd FG MISSED",-3.74891569221551,-0.130424,"2",3,9,5,4,4,-3,FALSE,"Field Goal Missed"
"80","401404157102854501",1,401404157,"Southern Mississippi","Liberty",3,0,"Briggs Bourgeois",39,3,1,1,0.689308840183122,1,0.714371692072696,"Briggs Bourgeois 39 yd FG GOOD",1.45028985628106,0.0683396,"1",2,14,54,4,1,22,TRUE,"Field Goal Good"
"81","401404157102924501",1,401404157,"Liberty","Southern Mississippi",3,3,"Nick Brown",32,3,1,1,0.802171025258863,1,0.815231436124244,"Nick Brown 32 yd FG GOOD",0.818310822431958,0.0382492,"1",2,7,54,4,10,15,TRUE,"Field Goal Good"
"82","401404157105282304",1,401404157,"Southern Mississippi","Liberty",24,24,"Briggs Bourgeois",34,0,0,1,NA,1,NA,"Briggs Bourgeois 34 yd FG MISSED",NA,NA,"2",5,0,0,4,2,17,FALSE,"Field Goal Missed"
"83","401404157105292343",1,401404157,"Liberty","Southern Mississippi",24,24,"Nick Brown",36,0,0,1,NA,1,NA,"Nick Brown 36 yd FG MISSED",NA,NA,"2",5,0,0,4,3,19,FALSE,"Field Goal Missed"
"84","401404157105302446",1,401404157,"Liberty","Southern Mississippi",27,24,"Nick Brown",26,3,1,1,NA,1,NA,"Nick Brown 26 Yd Field Goal",NA,NA,"2",6,0,0,4,6,9,TRUE,"Field Goal Good"
"85","401404157105312505",1,401404157,"Southern Mississippi","Liberty",27,27,"Briggs Bourgeois",53,3,1,1,NA,1,NA,"Briggs Bourgeois 53 Yd Field Goal",NA,NA,"2",6,0,0,4,21,36,TRUE,"Field Goal Good"
"86","401405058101956001",0,401405058,"Illinois","Wyoming",7,0,"Caleb Griffin",42,0,0,1,0.63737112952654,1,0.669506831435088,"Caleb Griffin 42 yd FG MISSED",-1.99575782102026,-0.0335463,"1",1,4,39,4,15,25,FALSE,"Field Goal Missed"
"87","401405058101996501",0,401405058,"Wyoming","Illinois",3,7,"John Hoyland",22,3,1,1,0.927502916506649,1,0.935314996567492,"John Hoyland 22 yd FG GOOD",0.260965956214862,0.0086869,"1",1,0,34,4,6,5,TRUE,"Field Goal Good"
"88","401405058102956601",0,401405058,"Illinois","Wyoming",17,3,"Caleb Griffin",27,3,1,1,0.873530423694007,1,0.881061551581625,"Caleb Griffin 27 yd FG GOOD",0.397964411519858,0.0078228,"1",2,4,33,4,9,10,TRUE,"Field Goal Good"
"89","401405058102995901",0,401405058,"Illinois","Wyoming",17,3,"Caleb Griffin",51,0,0,1,0.463390313952914,1,0.473567522881833,"Caleb Griffin 51 yd FG MISSED",-1.63761800719008,-0.0278203,"1",2,0,40,1,10,34,FALSE,"Field Goal Missed"
"90","401405058103878401",0,401405058,"Wyoming","Illinois",6,17,"John Hoyland",46,3,1,1,0.564850075597405,1,0.595481606821085,"John Hoyland 46 yd FG GOOD",2.50988780221864,0.0231349,"2",3,12,15,4,4,29,TRUE,"Field Goal Good"
"91","401405059101978601",0,401405059,"Northwestern","Nebraska",3,7,"Adam Stage",35,3,1,1,0.755512505868963,1,0.776555234781061,"Adam Stage 35 yd FG GOOD",1.15273648729556,0.0360975,"1",1,2,13,4,8,18,TRUE,"Field Goal Good"
"92","401405059102999804",0,401405059,"Nebraska","Northwestern",14,17,"Brendan Franke",56,0,0,1,0.357502808271336,1,0.357502808271336,"Brendan Franke 56 yd FG MISSED",-1.07250842481401,-0.0814124,"1",2,0,1,1,10,39,FALSE,"Field Goal Missed"
"93","401405059104858401",0,401405059,"Northwestern","Nebraska",24,28,"Adam Stage",36,0,0,1,0.739389182808909,1,0.76054057846327,"Adam Stage 36 yd FG MISSED",-2.84500921737778,-0.066974,"2",4,14,15,4,5,19,FALSE,"Field Goal Missed"
"94","401405060102917301",1,401405060,"Minnesota","New Mexico State",17,0,"Matthew Trickett",26,3,1,1,0.886124175272648,1,0.896159594071503,"Matthew Trickett 26 yd FG GOOD",0.327790123973105,0.0151547,"1",2,8,26,4,8,9,TRUE,"Field Goal Good"
"95","401405061101899601",1,401405061,"Indiana","Illinois",3,0,"Charles Campbell",39,3,1,1,0.689308840183122,1,0.718656791871125,"Charles Campbell 39 yd FG GOOD",1.38184402014752,0.040135,"1",1,10,3,4,13,22,TRUE,"Field Goal Good"
"96","401405061102929801",1,401405061,"Illinois","Indiana",10,10,"Caleb Griffin",29,3,1,1,0.846304110922688,1,0.856264965055929,"Caleb Griffin 29 yd FG GOOD",0.597789333737973,0.0187436,"1",2,7,1,4,2,12,TRUE,"Field Goal Good"
"97","401405061102949201",1,401405061,"Indiana","Illinois",13,10,"Charles Campbell",43,3,1,1,0.619714572628981,1,0.636477126900365,"Charles Campbell 43 yd FG GOOD",1.71304517739919,0.0594825,"1",2,5,7,4,4,26,TRUE,"Field Goal Good"
"98","401405061102997701",1,401405061,"Indiana","Illinois",16,10,"Charles Campbell",43,3,1,1,0.619714572628981,1,0.626376588006077,"Charles Campbell 43 yd FG GOOD",1.49193659473591,0.0074548,"1",2,0,22,4,4,26,TRUE,"Field Goal Good"
"99","401405061104978301",1,401405061,"Illinois","Indiana",20,16,"Caleb Griffin",48,3,1,1,0.525812504955746,1,0.539802758205364,"Caleb Griffin 48 yd FG GOOD",2.06912759026246,0.0825522,"2",4,2,16,4,9,31,TRUE,"Field Goal Good"
"100","401405062101906801",1,401405062,"Iowa","South Dakota State",0,0,"Aaron Blom",40,0,0,1,0.672158198655559,1,0.702278797857754,"Aaron Blom 40 yd FG MISSED",-2.23531505811907,-0.0652109,"1",1,9,31,4,5,23,FALSE,"Field Goal Missed"
"101","401405062101988801",1,401405062,"Iowa","South Dakota State",3,0,"Aaron Blom",46,3,1,1,0.564850075597405,1,0.595714428206394,"Aaron Blom 46 yd FG GOOD",2.27762054286584,0.105725,"1",1,1,11,4,5,29,TRUE,"Field Goal Good"
"102","401405062102997901",1,401405062,"South Dakota State","Iowa",3,3,"Hunter Dustman",44,3,1,1,0.601806172147826,1,0.608071828660422,"Hunter Dustman 44 Yd Field Goal ",1.59137338584088,0.0050712,"1",2,0,15,4,11,27,TRUE,"Field Goal Good"
"103","401405063102929501",1,401405063,"Nebraska","North Dakota",7,0,"Timmy Bleekrode",37,0,0,1,0.722965405698557,1,0.74035920274678,"Timmy Bleekrode 37 yd FG MISSED",-2.34107414035069,-0.0233088,"1",2,7,4,4,7,20,FALSE,"Field Goal Missed"
"104","401405063103916301",1,401405063,"Nebraska","North Dakota",17,7,"Timmy Bleekrode",46,3,1,1,0.564850075597405,1,0.602018933324001,"Timmy Bleekrode 46 yd FG GOOD",2.03346716776818,0.0612198,"2",3,8,36,4,8,29,TRUE,"Field Goal Good"
"105","401405063103944701",1,401405063,"North Dakota","Nebraska",10,17,"Brady Stevens",23,3,1,1,0.91858831898569,1,0.92784155642642,"Brady Stevens 23 yd FG GOOD",0.30510648469406,-0.0068915,"2",3,5,52,4,6,6,TRUE,"Field Goal Good"
"106","401405064101966101",1,401405064,"Purdue","Penn State",3,0,"Mitchell Fineran",36,3,1,1,0.739389182808909,1,0.763526439195718,"Mitchell Fineran 36 yd FG GOOD",1.13417312027611,0.0359121,"1",1,3,38,4,3,19,TRUE,"Field Goal Good"
"107","401405065102968501",1,401405065,"Wisconsin","Illinois State",17,0,"Vito Calvaruso",28,3,1,1,0.860213325209804,1,0.867339480641413,"Vito Calvaruso 28 Yd Field Goal ",0.43290445024714,0.0082667,"1",2,3,11,4,5,11,TRUE,"Field Goal Good"
"108","401405066101877547",1,401405066,"Buffalo","Maryland",0,7,"Alex McNulty",41,0,0,1,0.654842744631629,1,0.684621192767525,"Alex McNulty 41 yd FG MISSED",-3.28982325092861,-0.0717378,"1",1,12,24,4,6,24,FALSE,"Field Goal Missed"
"109","401405066102936901",1,401405066,"Maryland","Buffalo",17,0,"Chad Ryland",45,3,1,1,0.58355174014756,1,0.60687290090208,"Chad Ryland 45 yd FG GOOD",1.74724502890255,0.0173919,"1",2,6,30,4,4,28,TRUE,"Field Goal Good"
"110","401405066104939201",1,401405066,"Buffalo","Maryland",10,31,"Alex McNulty",34,3,1,1,0.771338672335057,1,0.781246494465957,"Alex McNulty 34 yd FG GOOD",1.12582403657907,0.0008528,"2",4,6,7,4,10,17,TRUE,"Field Goal Good"
"111","401405067101919301",1,401405067,"Michigan","Colorado State",10,0,"Jake Moody",31,3,1,1,0.817196105671127,1,0.838267872277095,"Jake Moody 31 Yd Field Goal ",0.60482359197601,0.0258374,"1",1,8,6,4,10,14,TRUE,"Field Goal Good"
"112","401405067102855101",1,401405067,"Michigan","Colorado State",13,0,"Jake Moody",26,3,1,1,0.886124175272648,1,0.898930443210021,"Jake Moody 26 Yd Field Goal ",0.331183459493228,0.0174741,"1",2,14,48,4,8,9,TRUE,"Field Goal Good"
"113","401405067102998801",1,401405067,"Michigan","Colorado State",23,0,"Jake Moody",34,3,1,1,0.771338672335057,1,0.776605150563643,"Jake Moody 34 Yd Field Goal ",0.798569054116045,0.0016165,"1",2,0,11,4,6,17,TRUE,"Field Goal Good"
"114","401405069102998701",1,401405069,"Boston College","Rutgers",14,6,"Connor Lytton",44,0,0,1,0.601806172147826,1,0.608897845106217,"Connor Lytton 44 yd FG MISSED",-3.79393272221435,0,"1",2,0,12,4,6,27,FALSE,"Field Goal Missed"
"115","401405069102998702",1,401405069,"Boston College","Rutgers",14,6,"Connor Lytton",44,0,0,1,0.601806172147826,1,0.608897845106217,"Connor Lytton 44 yd FG MISSED",-1.45870241488599,-0.0157282,"1",2,0,12,4,6,27,FALSE,"Field Goal Missed"
"116","401405069103998801",1,401405069,"Rutgers","Boston College",15,21,"Jude McAtamney",33,3,1,1,0.786885522472235,1,0.804831020864117,"Jude McAtamney 33 yd FG GOOD",0.997702076101926,0.0260741,"2",3,0,11,4,6,16,TRUE,"Field Goal Good"
"117","401409235101896701",0,401409235,"New Mexico State","Nevada",0,0,"Ethan Albertson",43,0,0,1,0.619714572628981,1,0.652772735667581,"Ethan Albertson 43 yd FG MISSED",-2.25051954117713,-0.0791025,"1",1,10,32,4,9,26,FALSE,"Field Goal Missed"
"118","401409235102959101",0,401409235,"Nevada","New Mexico State",10,2,"Brandon Talton",28,3,1,1,0.860213325209804,1,0.867595866048999,"Brandon Talton 28 yd FG GOOD",0.476303005541255,0.009823,"1",2,4,8,4,11,11,TRUE,"Field Goal Good"
"119","401409235104854301",0,401409235,"Nevada","New Mexico State",20,9,"Brandon Talton",34,3,1,1,0.771338672335057,1,0.793376729221448,"Brandon Talton 34 yd FG GOOD",0.857296337904958,0.0311648,"2",4,14,56,4,3,17,TRUE,"Field Goal Good"
"120","401409235104917801",0,401409235,"New Mexico State","Nevada",12,20,"Ethan Albertson",46,3,1,1,0.564850075597405,1,0.585275113529275,"Ethan Albertson 46 Yd Field Goal ",2.38158007927291,0.0338324,"2",4,8,21,4,3,29,TRUE,"Field Goal Good"
"121","401409235104986401",0,401409235,"Nevada","New Mexico State",23,12,"Brandon Talton",38,3,1,1,0.706259503651492,1,0.713520216184671,"Brandon Talton 38 yd FG GOOD",1.14557153991313,0.0015152,"2",4,1,35,4,4,21,TRUE,"Field Goal Good"
"122","401411090102888001",0,401411090,"Duquesne","Florida State",0,20,"Brian Bruzdewicz",48,0,0,1,0.525812504955746,1,0.54761590213655,"Brian Bruzdewicz 48 yd FG MISSED",-2.73872955950453,-0.0058726,"1",2,11,19,4,9,31,FALSE,"Field Goal Missed"
"123","401411090102916801",0,401411090,"Florida State","Duquesne",23,0,"Ryan Fitzgerald",24,3,1,1,0.908714578920598,1,0.917410363395077,"Ryan Fitzgerald 24 yd FG GOOD",0.220895062136712,0.0094945,"1",2,8,31,4,4,7,TRUE,"Field Goal Good"
"124","401411090102997601",0,401411090,"Florida State","Duquesne",26,0,"Ryan Fitzgerald",24,3,1,1,0.908714578920598,1,0.911232508065332,"Ryan Fitzgerald 24 yd FG GOOD",0.297731116063987,0.0046781,"1",2,0,23,4,6,7,TRUE,"Field Goal Good"
"125","401411091103925801",0,401411091,"Florida A&M","North Carolina",17,35,"Jose Romo-Martinez",35,3,1,1,0.755512505868963,1,0.775175545195626,"Jose Romo-Martinez 35 yd FG GOOD",1.32260135446286,0.0008571,"2",3,7,41,4,4,18,TRUE,"Field Goal Good"
"126","401411092101996201",1,401411092,"Pittsburgh","West Virginia",3,0,"Ben Sauls",42,3,1,1,0.63737112952654,1,0.665219684995425,"Ben Sauls 42 yd FG GOOD",1.78178836813071,0.0856157,"1",1,0,37,4,3,25,TRUE,"Field Goal Good"
"127","401411092102999901",1,401411092,"West Virginia","Pittsburgh",10,10,"Casey Legg",24,3,1,1,0.908714578920598,1,0.908714578920598,"Casey Legg 24 yd FG GOOD",0.273856263238206,-0.0377805,"1",2,0,0,4,1,7,TRUE,"Field Goal Good"
"128","401411093101895601",1,401411093,"Wake Forest","VMI",3,0,"Matthew Dennis",33,3,1,1,0.786885522472235,1,0.80985826811661,"Matthew Dennis 33 yd FG GOOD",0.82667216743509,0.0112536,"1",1,10,43,4,14,16,TRUE,"Field Goal Good"
"129","401411093101935901",1,401411093,"VMI","Wake Forest",0,3,"Jerry Rice",48,0,0,1,0.525812504955746,1,0.559642603681006,"Jerry Rice 48 yd FG MISSED",-2.22349820874339,-0.0506751,"1",1,6,40,4,3,31,FALSE,"Field Goal Missed"
"130","401411093102956001",1,401411093,"Wake Forest","VMI",20,0,"Matthew Dennis",31,3,1,1,0.817196105671127,1,0.82821412231653,"Matthew Dennis 31 yd FG GOOD",0.5734504633898,0.011472,"1",2,4,39,4,13,14,TRUE,"Field Goal Good"
"131","401411093102996401",1,401411093,"Wake Forest","VMI",23,0,"Matthew Dennis",33,3,1,1,0.786885522472235,1,0.792245895639742,"Matthew Dennis 33 yd FG GOOD",0.746595909599953,0.0041866,"1",2,0,35,4,4,16,TRUE,"Field Goal Good"
"132","401411093102999901",1,401411093,"VMI","Wake Forest",3,23,"Jerry Rice",42,3,1,1,0.63737112952654,1,0.63737112952654,"Jerry Rice 42 yd FG GOOD",1.08788661142038,0.0023449,"1",2,0,0,1,10,25,TRUE,"Field Goal Good"
"133","401411094101976501",1,401411094,"Duke","Temple",10,0,"Charlie Ham",29,3,1,1,0.846304110922688,1,0.863325854333144,"Charlie Ham 29 yd FG GOOD",0.505938190422178,0.0309472,"1",1,2,34,4,5,12,TRUE,"Field Goal Good"
"134","401411094102988201",1,401411094,"Duke","Temple",24,0,"Charlie Ham",51,0,0,1,0.463390313952914,1,0.476162676872674,"Charlie Ham 51 yd FG MISSED",-1.59130612565211,0.0005162,"1",2,1,17,4,19,34,FALSE,"Field Goal Missed"
"135","401411094102999701",1,401411094,"Duke","Temple",24,0,"Charlie Ham",32,0,0,1,0.802171025258863,1,0.802171025258863,"Charlie Ham 32 yd FG MISSED",-2.74318284141628,-0.0031197,"1",2,0,2,3,10,15,FALSE,"Field Goal Missed"
"136","401411094103946601",1,401411094,"Duke","Temple",27,0,"Charlie Ham",37,3,1,1,0.722965405698557,1,0.754437848746877,"Charlie Ham 37 yd FG GOOD",0.779096624900248,0.0065586,"2",3,5,33,4,4,20,TRUE,"Field Goal Good"
"137","401411094104866801",1,401411094,"Duke","Temple",30,0,"Charlie Ham",38,3,1,1,0.706259503651492,1,0.735787643232373,"Charlie Ham 38 yd FG GOOD",0.862984092580495,0.0034714,"2",4,13,31,4,7,21,TRUE,"Field Goal Good"
"138","401411094104907101",1,401411094,"Duke","Temple",30,0,"Charlie Ham",26,0,0,1,0.886124175272648,1,0.898043944030113,"Charlie Ham 26 yd FG MISSED",-1.96314804055918,0.001106,"2",4,9,28,4,0,9,FALSE,"Field Goal Missed"
"139","401411095102928601",1,401411095,"Appalachian State","North Carolina",21,14,"Michael Hughes",51,0,0,1,0.463390313952914,1,0.48951872216522,"Michael Hughes 51 yd FG MISSED",-1.75666184016257,-0.0164142,"1",2,7,13,4,10,34,FALSE,"Field Goal Missed"
"140","401411095103977801",1,401411095,"North Carolina","Appalachian State",38,21,"Noah Burnette",47,3,1,1,0.545617805175857,1,0.585170347921774,"Noah Burnette 47 yd FG GOOD",1.86643619927459,-0.0064762,"2",3,2,21,4,7,30,TRUE,"Field Goal Good"
"141","401411095103998801",1,401411095,"North Carolina","Appalachian State",41,21,"Noah Burnette",44,3,1,1,0.601806172147826,1,0.636192858469426,"Noah Burnette 44 yd FG GOOD",1.6220017826831,0.0096485,"2",3,0,11,4,8,27,TRUE,"Field Goal Good"
"142","401411096104999501",1,401411096,"East Carolina","NC State",20,21,"Owen Daffer",42,0,0,1,0.63737112952654,1,0.63737112952654,"Owen Daffer 42 yd FG MISSED",-2.58756110389441,-0.7432698,"2",4,0,4,4,1,25,FALSE,"Field Goal Missed"
"143","401411097101914501",1,401411097,"Bethune-Cookman","Miami",3,0,"Dylan Moghaddam",29,3,1,1,0.846304110922688,1,0.863868561165707,"Dylan Moghaddam 29 yd FG GOOD",0.547378365073342,0.0207431,"1",1,8,54,4,9,12,TRUE,"Field Goal Good"
"144","401411097103896901",1,401411097,"Bethune-Cookman","Miami",13,42,"Dylan Moghaddam",14,3,1,1,0.971860303240004,1,0.975190858229451,"Dylan Moghaddam 14 Yd Field Goal ",0.11781974958286,0.003083,"2",3,10,30,4,4,-3,TRUE,"Field Goal Good"
"145","401411097103939402",1,401411097,"Bethune-Cookman","Miami",13,49,"Dylan Moghaddam",36,0,0,1,0.739389182808909,1,0.755990798867571,"Dylan Moghaddam 36 yd FG BLOCKED blocked by Jacob Lichtenstein",-4.06908523562204,0.0017816,"2",3,6,5,4,2,19,FALSE,"Blocked Field Goal"
"146","401411099101905301",1,401411099,"Syracuse","Louisville",3,0,"Andre Szmyt",31,3,1,1,0.817196105671127,1,0.837489174388481,"Andre Szmyt 31 yd FG GOOD",0.680402310107887,0.0170978,"1",1,9,46,4,9,14,TRUE,"Field Goal Good"
"147","401411100102906301",1,401411100,"Richmond","Virginia",10,21,"Jake Larson",45,3,1,1,0.58355174014756,1,0.604191975294711,"Jake Larson 45 yd FG GOOD",2.34975808963159,0.02922,"1",2,9,36,4,4,28,TRUE,"Field Goal Good"
"148","401411100103909601",1,401411100,"Richmond","Virginia",17,28,"Jake Larson",48,0,0,1,0.525812504955746,1,0.557497307792071,"Jake Larson 48 yd FG MISSED",-2.36803265061236,-0.02981,"2",3,9,3,4,3,31,FALSE,"Field Goal Missed"
"149","401411101102935801",1,401411101,"Georgia Tech","Clemson",0,7,"Jude Kelley",50,0,0,1,0.484598845866931,1,0.505436855258949,"Jude Kelley 50 yd FG MISSED",-2.10656334392856,-0.0231159,"1",2,6,41,4,11,33,FALSE,"Field Goal Missed"
"150","401411101102988401",1,401411101,"Georgia Tech","Clemson",3,14,"Jude Kelley",45,3,1,1,0.58355174014756,1,0.590273631573001,"Jude Kelley 45 yd FG GOOD",1.80552517153799,0.0180391,"1",2,1,15,4,5,28,TRUE,"Field Goal Good"
"151","401411101103945801",1,401411101,"Clemson","Georgia Tech",17,10,"B.T. Potter",29,3,1,1,0.846304110922688,1,0.863745642548915,"B.T. Potter 29 yd FG GOOD",0.52194325973594,0.0347885,"2",3,5,41,4,11,12,TRUE,"Field Goal Good"
"152","401411101104915401",1,401411101,"Clemson","Georgia Tech",27,10,"B.T. Potter",31,3,1,1,0.817196105671127,1,0.832433958864706,"B.T. Potter 31 yd FG GOOD",0.592289965014615,0.0077843,"2",4,8,45,4,10,14,TRUE,"Field Goal Good"
"153","401413203101986601",1,401413203,"Chattanooga","Wofford",10,0,"Andrew Southard",21,3,1,1,0.935497140534419,1,0.943514180865269,"Andrew Southard 21 yd FG GOOD",0.167087176858018,0.0284287,"1",1,1,33,4,4,4,TRUE,"Field Goal Good"
"154","401413213101916301",0,401413213,"Stephen F. Austin","Jacksonville State",0,0,"Chris Campos",51,0,0,1,0.463390313952914,1,0.501145530463085,"Chris Campos 51 yd FG MISSED",-1.90243519853002,-0.0412459,"1",1,8,36,4,11,34,FALSE,"Field Goal Missed"
"155","401413213102937301",0,401413213,"Stephen F. Austin","Jacksonville State",17,7,"Chris Campos",36,3,1,1,0.739389182808909,1,0.75518342431884,"Chris Campos 36 Yd Field Goal ",1.01481840103567,0.0435375,"1",2,6,26,4,7,19,TRUE,"Field Goal Good"
"156","401413213102966701",0,401413213,"Jacksonville State","Stephen F. Austin",7,17,"Brenton King",21,0,0,1,0.935497140534419,1,0.938478455557409,"Brenton King 21 Yard Field Goal Missed",-3.63177062334809,-0.0838241,"1",2,3,32,4,3,4,FALSE,"Field Goal Missed"
"157","401413214101858501",1,401413214,"Jacksonville State","Davidson",0,0,"Brenton King",39,0,0,1,0.689308840183122,1,0.719974781955083,"Brenton King 39 yd FG MISSED",-2.23445129190167,-0.0303186,"1",1,14,14,4,11,22,FALSE,"Field Goal Missed"
"158","401413214102999201",1,401413214,"Davidson","Jacksonville State",10,28,"Caden Bonoffski",39,3,1,1,0.689308840183122,1,0.693396949882841,"Caden Bonoffski 39 yd FG GOOD",1.24825581031261,0.0001408,"1",2,0,7,3,22,22,TRUE,"Field Goal Good"
"159","401413224102999901",1,401413224,"Fresno State","Cal Poly",21,7,"Abraham Montano",40,0,0,1,0.672158198655559,1,0.672158198655559,"Abraham Montano 40 yd FG MISSED",-2.01647459596668,-0.0181302,"1",2,0,0,2,10,23,FALSE,"Field Goal Missed"
"160","401413236102895501",1,401413236,"Eastern Washington","Tennessee State",15,19,"Seth Harrison",33,0,0,1,0.786885522472235,1,0.803071816840341,"Seth Harrison 33 yd FG MISSED",-3.12011482855885,-0.081094,"1",2,10,44,4,10,16,FALSE,"Field Goal Missed"
"161","401413236104869001",1,401413236,"Tennessee State","Eastern Washington",22,29,"Kaleb Mosley",32,3,1,1,0.802171025258863,1,0.818048828944817,"Kaleb Mosley 32 yd FG GOOD",0.919809254022209,0.011805,"2",4,13,9,4,9,15,TRUE,"Field Goal Good"
"162","401413333102919101",1,401413333,"Montana","Northwestern State",13,0,"Camden Capser",36,0,0,1,0.739389182808909,1,0.758447371810119,"Camden Capser 36 yd FG MISSED",-2.19692793348573,-0.0127541,"1",2,8,8,4,6,19,FALSE,"Field Goal Missed"
"163","401413333103899101",1,401413333,"Montana","Northwestern State",26,0,"Camden Capser",32,0,0,1,0.802171025258863,1,0.828036830258182,"Camden Capser 32 yd FG MISSED",-1.36421177589153,0.0039366,"2",3,10,8,4,4,15,FALSE,"Field Goal Missed"
"164","401415209101955301",1,401415209,"Northern Iowa","Air Force",3,7,"Matthew Cook",28,3,1,1,0.860213325209804,1,0.873299355652015,"Matthew Cook 28 Yd Field Goal ",0.659942354685563,0.2376465,"1",1,4,46,4,7,11,TRUE,"Field Goal Good"
"165","401415209102906801",1,401415209,"Air Force","Northern Iowa",17,3,"Matthew Dapore",30,3,1,1,0.831930173180296,1,0.846462675797398,"Matthew Dapore 30 Yd Field Goal ",0.557096547532757,0.019879,"1",2,9,31,4,2,13,TRUE,"Field Goal Good"
"166","401415209102945201",1,401415209,"Air Force","Northern Iowa",20,3,"Matthew Dapore",33,3,1,1,0.786885522472235,1,0.800411190839229,"Matthew Dapore 33 Yd Field Goal ",0.729660268216116,0.0275198,"1",2,5,47,4,2,16,TRUE,"Field Goal Good"
"167","401415209104984401",1,401415209,"Northern Iowa","Air Force",17,48,"Matthew Cook",52,0,0,1,0.441981426192982,1,0.449133473662489,"Matthew Cook 52 yd FG MISSED",-0.243317936449838,NA,"2",4,1,55,4,10,35,FALSE,"Field Goal Missed"
"168","401415211101909701",1,401415211,"Tulsa","Wyoming",3,7,"Zack Long",32,3,1,1,0.802171025258863,1,0.822226125057582,"Zack Long 32 yd FG GOOD",0.848624915095297,0.0165709,"1",1,9,2,4,7,15,TRUE,"Field Goal Good"
"169","401415211101994501",1,401415211,"Wyoming","Tulsa",10,3,"John Hoyland",25,3,1,1,0.897879661726428,1,0.909355101368066,"John Hoyland 25 yd FG GOOD",0.323480447888615,0.0364629,"1",1,0,54,4,3,8,TRUE,"Field Goal Good"
"170","401415211102975101",1,401415211,"Tulsa","Wyoming",13,10,"Zack Long",27,3,1,1,0.873530423694007,1,0.878928963400179,"Zack Long 27 yd FG GOOD",0.438014273570934,0.0045869,"1",2,2,48,4,9,10,TRUE,"Field Goal Good"
"171","401415211104894601",1,401415211,"Wyoming","Tulsa",27,34,"John Hoyland",55,3,1,1,0.378181426849753,1,0.405122857111566,"John Hoyland 55 yd FG GOOD",3.86311006186422,0.0795075,"2",4,10,53,4,5,38,TRUE,"Field Goal Good"
"172","401415211104925301",1,401415211,"Tulsa","Wyoming",34,27,"Zack Long",49,0,0,1,0.505448138230005,1,0.531464121675112,"Zack Long 49 yd FG MISSED",-1.82985502352617,-0.0204863,"2",4,7,46,4,15,32,FALSE,"Field Goal Missed"
"173","401415211104999701",1,401415211,"Wyoming","Tulsa",34,34,"John Hoyland",44,0,0,1,0.601806172147826,1,0.601806172147826,"John Hoyland 44 yd FG MISSED",-1.80541851644348,NA,"2",4,0,2,4,5,27,FALSE,"Field Goal Missed"
"174","401415211105272355",1,401415211,"Tulsa","Wyoming",37,34,"Zack Long",25,3,1,1,NA,1,NA,"Zack Long 25 Yd Field Goal ",NA,NA,"2",5,0,0,4,3,8,TRUE,"Field Goal Good"
"175","401415211105282447",1,401415211,"Wyoming","Tulsa",37,37,"John Hoyland",25,3,1,1,NA,1,NA,"John Hoyland 25 Yd Field Goal ",NA,NA,"2",5,0,0,4,3,8,TRUE,"Field Goal Good"
"176","401415211105292536",1,401415211,"Wyoming","Tulsa",40,37,"John Hoyland",30,3,1,1,NA,1,NA,"John Hoyland 30 Yd Field Goal ",NA,NA,"2",6,0,0,4,10,13,TRUE,"Field Goal Good"
"177","401415211105302594",1,401415211,"Tulsa","Wyoming",37,37,"Zack Long",43,0,0,1,NA,1,NA,"Zack Long 43 yd FG MISSED",NA,NA,"2",5,0,0,4,10,26,FALSE,"Field Goal Missed"
"178","401415213103954901",1,401415213,"Portland State","San José State",10,14,"Gianni Smith",28,3,1,1,0.860213325209804,1,0.874780173088118,"Gianni Smith 28 yd FG GOOD",0.565121416774454,0.0139117,"2",3,4,50,4,16,11,TRUE,"Field Goal Good"
"179","401415213104929901",1,401415213,"San José State","Portland State",14,17,"Taren Schive",30,0,0,1,0.831930173180296,1,0.842626734664112,"Taren Schive 30 yd FG MISSED",-3.22778093442578,-0.1277479,"2",4,7,0,4,12,13,FALSE,"Field Goal Missed"
"180","401415611101957701",1,401415611,"Navy","Delaware",0,7,"Evan Warren",45,0,0,1,0.58355174014756,1,0.613070141363368,"Evan Warren 45 yd FG MISSED",-2.55637652084723,-0.0566087,"1",1,4,22,4,9,28,FALSE,"Field Goal Missed"
"181","401415611102854301",1,401415611,"Delaware","Navy",7,0,"Brandon Ratcliffe",44,0,0,1,0.601806172147826,1,0.632820502625104,"Brandon Ratcliffe 44 yd FG MISSED",-2.12358501372417,-0.0248776,"1",2,14,56,4,11,27,FALSE,"Field Goal Missed"
"182","401415612102978801",1,401415612,"BYU","South Florida",38,0,"Jake Oldroyd",39,3,1,1,0.689308840183122,1,0.70399399685334,"Jake Oldroyd 39 yd FG GOOD",0.911045109492853,0.004156,"1",2,2,11,4,18,22,TRUE,"Field Goal Good"
"183","401415612104897001",1,401415612,"BYU","South Florida",50,21,"Jake Oldroyd",37,3,1,1,0.722965405698557,1,0.748255789008088,"Jake Oldroyd 37 yd FG GOOD",0.832654074009992,0.0025704,"2",4,10,29,4,7,20,TRUE,"Field Goal Good"
"184","401416568101896201",1,401416568,"Akron","St Francis (PA)",3,0,"Cory Smigel",25,3,1,1,0.897879661726428,1,0.910670832934305,"Cory Smigel 25 Yd Field Goal ",0.31944336004143,-0.0065639,"1",1,10,37,4,8,8,TRUE,"Field Goal Good"
"185","401416568101929703",1,401416568,"St Francis (PA)","Akron",3,3,"Alex Schmoke",28,3,1,1,0.860213325209804,1,0.876143357129207,"Alex Schmoke 28 Yd Field Goal ",0.492813315826992,-0.0694618,"1",1,7,2,4,2,11,TRUE,"Field Goal Good"
"186","401416568102000030",1,401416568,"St Francis (PA)","Akron",13,10,"Alex Schmoke",27,3,1,1,0.873530423694007,1,0.876539197340224,"Alex Schmoke 27 Yd Field Goal ",0.460164927879283,0.1590358,"1",2,1,8,4,1,10,TRUE,"Field Goal Good"
"187","401416568102936901",1,401416568,"Akron","St Francis (PA)",10,10,"Cory Smigel",39,0,0,1,0.689308840183122,1,0.706015367858107,"Cory Smigel 39 yd FG MISSED",-2.71477404112062,0.0003317,"1",2,6,30,4,6,22,FALSE,"Field Goal Missed"
"188","401416568103937201",1,401416568,"St Francis (PA)","Akron",16,10,"Alex Schmoke",38,3,1,1,0.706259503651492,1,0.733417307877676,"Alex Schmoke 38 Yd Field Goal ",1.31019985592525,0.175468,"2",3,6,27,4,19,21,TRUE,"Field Goal Good"
"189","401416569101976301",1,401416569,"Central Michigan","Oklahoma State",7,7,"Marshall Meeder",50,0,0,1,0.484598845866931,1,0.518718264573002,"Marshall Meeder 50 yd FG MISSED",-1.9547375734984,-0.035082,"1",1,2,36,4,3,33,FALSE,"Field Goal Missed"
"190","401416590102854701",1,401416590,"Eastern Kentucky","Eastern Michigan",3,0,"Patrick Nations",33,3,1,1,0.786885522472235,1,0.80634178635222,"Patrick Nations 33 yd FG GOOD",0.885299638703374,-0.0418636,"1",2,14,52,4,9,16,TRUE,"Field Goal Good"
"191","401416590104918301",1,401416590,"Eastern Kentucky","Eastern Michigan",20,35,"Patrick Nations",40,3,1,1,0.672158198655559,1,0.688171172867026,"Patrick Nations 40 yd FG GOOD",1.75363522011466,0.0174509,"2",4,8,16,4,11,23,TRUE,"Field Goal Good"
"192","401416591101936801",1,401416591,"Western Michigan","Michigan State",3,0,"Palmer Domschke",27,3,1,1,0.873530423694007,1,0.888120225810443,"Palmer Domschke 27 yd FG GOOD",0.435998149853781,0.0082726,"1",1,6,31,4,5,10,TRUE,"Field Goal Good"
"193","401416591103947001",1,401416591,"Michigan State","Western Michigan",21,10,"Jack Stone",44,0,0,1,0.601806172147826,1,0.637356594041547,"Jack Stone 44 yd FG MISSED",-1.87137982797973,-0.0163394,"2",3,5,29,4,11,27,FALSE,"Field Goal Missed"
"194","401416591103995001",1,401416591,"Western Michigan","Michigan State",13,21,"Palmer Domschke",42,3,1,1,0.63737112952654,1,0.662076350280275,"Palmer Domschke 42 yd FG GOOD",1.99799912613455,0.0325984,"2",3,0,49,4,20,25,TRUE,"Field Goal Good"
"195","401416592101997901",1,401416592,"Eastern Illinois","Northern Illinois",3,7,"Stone Galloway",34,3,1,1,0.771338672335057,1,0.790649150204301,"Stone Galloway 34 yd FG GOOD",1.06320511885952,0.0257716,"1",1,0,20,4,4,17,TRUE,"Field Goal Good"
"196","401416592102999501",1,401416592,"Eastern Illinois","Northern Illinois",6,21,"Stone Galloway",25,3,1,1,0.897879661726428,1,0.897879661726428,"Stone Galloway 25 yd FG GOOD",0.306361014820715,-0.0149016,"1",2,0,4,4,8,8,TRUE,"Field Goal Good"
"197","401416592104878401",1,401416592,"Northern Illinois","Eastern Illinois",31,13,"John Richardson",43,3,1,1,0.619714572628981,1,0.650083658201113,"John Richardson 43 yd FG GOOD",1.57416381802545,0.0142867,"2",4,12,15,4,9,26,TRUE,"Field Goal Good"
"198","401416592104966001",1,401416592,"Northern Illinois","Eastern Illinois",34,20,"John Richardson",38,3,1,1,0.706259503651492,1,0.719724652025455,"John Richardson 38 yd FG GOOD",1.08859427460272,0.005217,"2",4,3,39,4,6,21,TRUE,"Field Goal Good"
"199","401416592104994101",1,401416592,"Northern Illinois","Eastern Illinois",34,27,"John Richardson",43,0,0,1,0.619714572628981,1,0.627506478302221,"John Richardson 43 yd FG MISSED",-2.18746169420175,0.0008088,"2",4,0,58,4,6,26,FALSE,"Field Goal Missed"
"200","401418645103935501",1,401418645,"Kennesaw State","Samford",10,14,"Nathan Robertson",38,3,1,1,0.706259503651492,1,0.731648031693207,"Nathan Robertson 38 yd FG GOOD",1.43336360525523,0.0327072,"2",3,6,44,4,6,21,TRUE,"Field Goal Good"
"201","401418645103978001",1,401418645,"Samford","Kennesaw State",14,17,"Zach Williams",49,0,0,1,0.505448138230005,1,0.537660456637317,"Zach Williams 49 yd FG MISSED",-2.12236282079854,-0.0462661,"2",3,2,19,4,11,32,FALSE,"Field Goal Missed"
"202","401418776101937701",1,401418776,"Indiana State","North Alabama",3,0,"Ryan O'Grady",22,3,1,1,0.927502916506649,1,0.936629761464845,"Ryan O'Grady 22 yd FG GOOD",0.216165187402214,0.0015274,"1",1,6,22,4,4,5,TRUE,"Field Goal Good"
"203","401418776102917401",1,401418776,"Indiana State","North Alabama",6,0,"Ryan O'Grady",26,3,1,1,0.886124175272648,1,0.895269803958255,"Ryan O'Grady 26 Yd Field Goal ",0.391238095984501,0.031891,"1",2,8,25,4,7,9,TRUE,"Field Goal Good"
"204","401418776105326188",1,401418776,"Indiana State","North Alabama",17,14,"Ryan O'Grady",25,3,1,1,NA,1,NA,"Ryan O'Grady 25 Yd Field Goal ",NA,NA,"2",5,0,0,0,0,8,TRUE,"Field Goal Good"
"205","401418782101988401",1,401418782,"Abilene Christian","Lamar",7,7,"Blair Zepeda",42,0,0,1,0.63737112952654,1,0.665596996190183,"Blair Zepeda 42 yd FG MISSED",-2.44354539305544,-0.0430284,"1",1,1,15,4,10,25,FALSE,"Field Goal Missed"
"206","401418782102938601",1,401418782,"Abilene Christian","Lamar",14,14,"Blair Zepeda",44,0,0,1,0.601806172147826,1,0.62085465919361,"Blair Zepeda 44 yd FG MISSED",-2.31309100533329,-0.0533096,"1",2,6,13,4,4,27,FALSE,"Field Goal Missed"
"207","401418782104948901",1,401418782,"Abilene Christian","Lamar",28,14,"Blair Zepeda",51,0,0,1,0.463390313952914,1,0.487452643448819,"Blair Zepeda 51 yd FG MISSED",-1.58161703995362,-0.0046199,"2",4,5,10,4,30,34,FALSE,"Field Goal Missed"
"208","401420777102946601",1,401420777,"Georgia Southern","Morgan State",10,7,"Alex Raynor",20,3,1,1,0.942636279565224,1,0.946434717845397,"Alex Raynor 20 yd FG GOOD",0.182245617807904,0.0032846,"1",2,5,33,4,3,3,TRUE,"Field Goal Good"
"209","401420797102946101",1,401420797,"North Carolina A&T","North Carolina Central",10,14,"Andrew Brown",41,3,1,1,0.654842744631629,1,0.672724182298614,"Andrew Brown 41 yd FG GOOD",1.43829071132527,-0.4517812,"1",2,5,38,4,9,24,TRUE,"Field Goal Good"
"210","401420797102999901",1,401420797,"North Carolina A&T","North Carolina Central",13,21,"Andrew Brown",49,3,1,1,0.505448138230005,1,0.505448138230005,"Andrew Brown 49 yd FG GOOD",1.48365558530999,-0.8130129,"1",2,0,0,1,10,32,TRUE,"Field Goal Good"
"211","401420806101928801",1,401420806,"Central Arkansas","Missouri State",0,0,"Hayden Ray",35,0,0,1,0.755512505868963,1,0.779820212729675,"Hayden Ray 35 yd FG MISSED",-5.46191209648159,-0.1284497,"1",1,7,11,4,6,18,FALSE,"Field Goal Missed"
"212","401420806102944101",1,401420806,"Missouri State","Central Arkansas",3,0,"Jose Pizano",36,3,1,1,0.739389182808909,1,0.753480324209788,"Jose Pizano 36 yd FG GOOD",1.0827094256602,0.0505721,"1",2,5,58,4,16,19,TRUE,"Field Goal Good"
"213","401420806103949001",1,401420806,"Central Arkansas","Missouri State",0,17,"Hayden Ray",22,0,0,1,0.927502916506649,1,0.935321509450947,"Hayden Ray 22 yd FG MISSED",-7.70196847528555,-0.0372637,"2",3,5,9,4,3,5,FALSE,"Field Goal Missed"
"214","401420806103988901",1,401420806,"Missouri State","Central Arkansas",20,0,"Jose Pizano",37,3,1,1,0.722965405698557,1,0.750909353288682,"Jose Pizano 37 Yd Field Goal ",0.946542622440242,0.0105674,"2",3,1,10,4,6,20,TRUE,"Field Goal Good"
"215","401420806104959601",1,401420806,"Missouri State","Central Arkansas",0,0,"Jose Pizano",43,0,0,1,0.619714572628981,1,0.634695443037022,"Jose Pizano 43 yd FG MISSED",-3.50293479440661,-0.4040994,"2",4,4,3,4,4,26,FALSE,"Field Goal Missed"
"216","401420822102915801",1,401420822,"Youngstown State","Duquesne",7,7,"Colt McFadden",45,0,0,1,0.58355174014756,1,0.606786617242538,"Colt McFadden 45 yd FG MISSED",-2.25452855235982,-0.0433603,"1",2,8,41,4,14,28,FALSE,"Field Goal Missed"
"217","401420822102987201",1,401420822,"Duquesne","Youngstown State",7,14,"Brian Bruzdewicz",36,0,0,1,0.739389182808909,1,0.744786303187513,"Brian Bruzdewicz 36 yd FG MISSED",-2.775330384724,-0.0654107,"1",2,1,27,4,2,19,FALSE,"Field Goal Missed"
"218","401420822102999901",1,401420822,"Youngstown State","Duquesne",17,7,"Colt McFadden",39,3,1,1,0.689308840183122,1,0.689308840183122,"Colt McFadden 39 yd FG GOOD",0.932073479450635,0.0507347,"1",2,0,0,4,10,22,TRUE,"Field Goal Good"
"219","401420836101994801",1,401420836,"Drake","North Dakota State",7,14,"Destin Talbert",NA,-7,0,1,0.399229874449276,1,0.43408807613869,"Destin Talbert 56 Yd Return of Blocked Field Goal (Griffin Crosa Kick)",-6.49176317826959,-0.1851015,"1",1,0,51,4,2,37,FALSE,"Blocked Field Goal Touchdown"
"220","401420836102948001",1,401420836,"North Dakota State","Drake",28,7,"Will Cardinal",23,0,0,1,0.91858831898569,1,0.92463200953218,"Will Cardinal 23 yd FG MISSED",-2.64137937948039,-0.0021267,"1",2,5,19,4,5,6,FALSE,"Field Goal Missed"
"221","401420840102995001",1,401420840,"UT Martin","Western Illinois",14,7,"Frankie Onate",34,0,0,1,0.771338672335057,1,0.776452520531999,"Frankie Onate 34 yd FG MISSED",-2.73893805070503,-0.0909169,"1",2,0,49,4,10,17,FALSE,"Field Goal Missed"
"222","401420840103926101",1,401420840,"Western Illinois","UT Martin",7,21,"Mason Laramie",48,0,0,1,0.525812504955746,1,0.555782810404102,"Mason Laramie 48 yd FG BLOCKED blocked by Oshae Baker",-2.56705198776236,-0.0212854,"2",3,7,38,4,9,31,FALSE,"Blocked Field Goal"
"223","401420840104924601",1,401420840,"UT Martin","Western Illinois",35,19,"Frankie Onate",41,0,0,1,0.654842744631629,1,0.678263680993653,"Frankie Onate 41 yd FG MISSED",-1.95404394373931,-0.0042549,"2",4,7,53,4,5,24,FALSE,"Field Goal Missed"
"224","401420846102999901",1,401420846,"Southern Illinois","Incarnate Word",16,29,"Jake Baumgarte",47,3,1,1,0.545617805175857,1,0.545617805175857,"Jake Baumgarte 47 Yd Field Goal ",1.36314658447243,-0.0089946,"1",2,0,0,3,20,30,TRUE,"Field Goal Good"
"225","401420846103944701",1,401420846,"Southern Illinois","Incarnate Word",19,29,"Jake Baumgarte",32,3,1,1,0.802171025258863,1,0.820323889297181,"Jake Baumgarte 32 Yd Field Goal ",0.938471676194577,0.0063048,"2",3,5,52,4,15,15,TRUE,"Field Goal Good"
"226","401420846104917201",1,401420846,"Southern Illinois","Incarnate Word",22,50,"Jake Baumgarte",26,3,1,1,0.886124175272648,1,0.892572431312644,"Jake Baumgarte 26 Yd Field Goal ",0.564823574812141,0.001208,"2",4,8,27,4,8,9,TRUE,"Field Goal Good"
"227","401420855101968501",1,401420855,"Sacramento State","Utah Tech",21,0,"Kyle Sentkowski",41,0,0,1,0.654842744631629,1,0.689427145667818,"Kyle Sentkowski 41 yd FG MISSED",-1.42313644573194,0.0018914,"1",1,3,14,4,13,24,FALSE,"Field Goal Missed"
"228","401420855102905101",1,401420855,"Utah Tech","Sacramento State",3,21,"Connor Brooksby",19,3,1,1,0.949000388466587,1,0.953033161364624,"Connor Brooksby 19 yd FG GOOD",0.210302060314763,-0.0035457,"1",2,9,48,4,2,2,TRUE,"Field Goal Good"
"229","401420855102936901",1,401420855,"Sacramento State","Utah Tech",21,3,"Kyle Sentkowski",40,0,0,1,0.672158198655559,1,0.692976750475155,"Kyle Sentkowski 40 yd FG MISSED",-1.86810683716511,-0.0033566,"1",2,6,30,4,8,23,FALSE,"Field Goal Missed"
"230","401420855103994501",1,401420855,"Utah Tech","Sacramento State",19,42,"Connor Brooksby",44,3,1,1,0.601806172147826,1,0.623186261267209,"Connor Brooksby 44 yd FG GOOD",2.52817020702554,0.0046401,"2",3,0,54,4,13,27,TRUE,"Field Goal Good"
"231","401420873101976701",1,401420873,"Stephen F. Austin","Alcorn State",3,7,"Chris Campos",47,3,1,1,0.545617805175857,1,0.575363275979409,"Chris Campos 47 Yd Field Goal ",2.57767468457237,0.0773636,"1",1,2,32,4,15,30,TRUE,"Field Goal Good"
"232","401420873102969601",1,401420873,"Alcorn State","Stephen F. Austin",17,10,"Noah Kiani",22,3,1,1,0.927502916506649,1,0.931056803988378,"Noah Kiani 22 Yd Field Goal ",0.227404888694516,0.0099135,"1",2,3,3,4,5,5,TRUE,"Field Goal Good"
"233","401420873104926501",1,401420873,"Alcorn State","Stephen F. Austin",27,24,"Noah Kiani",23,3,1,1,0.91858831898569,1,0.924842534499822,"Noah Kiani 23 yd FG GOOD",0.274094004942151,-0.0026293,"2",4,7,34,4,6,6,TRUE,"Field Goal Good"
"234","401420877101939701",1,401420877,"Southern Utah","St. Thomas (MN)",3,7,"Jake Gerardi",27,3,1,1,0.873530423694007,1,0.887207217197977,"Jake Gerardi 27 Yd Field Goal ",0.495611898081883,-0.0025635,"1",1,6,2,4,9,10,TRUE,"Field Goal Good"
"235","401420877102947401",1,401420877,"Southern Utah","St. Thomas (MN)",20,7,"Micah Pettit",31,3,1,1,0.817196105671127,1,0.828403665379104,"Micah Pettit 31 Yd Field Goal ",0.625070202863379,0.0216404,"1",2,5,25,4,8,14,TRUE,"Field Goal Good"
"236","401420877103985701",1,401420877,"Southern Utah","St. Thomas (MN)",31,13,"Micah Pettit",23,3,1,1,0.91858831898569,1,0.92892278761105,"Micah Pettit 23 Yd Field Goal ",0.183017089976745,0.0078855,"2",3,1,42,4,7,6,TRUE,"Field Goal Good"
"237","401421116101984501",1,401421116,"South Alabama","Nicholls",10,0,"Diego Guajardo",39,3,1,1,0.689308840183122,1,0.717341104977318,"Diego Guajardo 39 yd FG GOOD",1.31114159738844,0.0566438,"1",1,1,54,4,7,22,TRUE,"Field Goal Good"
"238","401421116102986901",1,401421116,"South Alabama","Nicholls",27,0,"Diego Guajardo",48,3,1,1,0.525812504955746,1,0.538020242543617,"Diego Guajardo 48 yd FG GOOD",1.88611741058592,0.0077181,"1",2,1,30,4,11,31,TRUE,"Field Goal Good"
"239","401421121101986501",1,401421121,"Louisiana","Southeastern Louisiana",10,0,"Preston Stafford",36,3,1,1,0.739389182808909,1,0.764211556540322,"Preston Stafford 36 yd FG GOOD",1.03153274021598,0.0610566,"1",1,1,34,4,6,19,TRUE,"Field Goal Good"
"240","401421121103997003",1,401421121,"Louisiana","Southeastern Louisiana",17,7,"Preston Stafford",43,0,0,1,0.619714572628981,1,0.651289762603614,"Preston Stafford 43 yd FG MISSED",-2.02193605692959,-0.0143646,"2",3,0,29,4,14,26,FALSE,"Field Goal Missed"
"241","401421125104905101",1,401421125,"Texas A&M-Commerce","Lincoln University (CA)",45,7,"Emmanuel Adagbon",21,3,1,1,0.935497140534419,1,0.942984446958852,"Emmanuel Adagbon 21 Yd Field Goal ",0.0841758857799606,0.0007136,"2",4,9,48,4,3,4,TRUE,"Field Goal Good"
"242","401421137101964402",1,401421137,"The Citadel","Campbell",3,7,"Colby Kintner",33,3,1,1,0.786885522472235,1,0.807400917722871,"Colby Kintner 33 Yd Field Goal ",0.908880000360108,-0.1394378,"1",1,3,55,4,8,16,TRUE,"Field Goal Good"
"243","401421137102959501",1,401421137,"Campbell","The Citadel",17,3,"Caleb Dowden",36,3,1,1,0.739389182808909,1,0.752318350838285,"Caleb Dowden 36 Yd Field Goal ",0.943806069716279,0.0293544,"1",2,4,4,2,10,19,TRUE,"Field Goal Good"
"244","401421137103887901",1,401421137,"Campbell","The Citadel",20,3,"Caleb Dowden",31,3,1,1,0.817196105671127,1,0.840077113658132,"Caleb Dowden 31 Yd Field Goal ",0.498966692332467,0.0113563,"2",3,11,20,4,13,14,TRUE,"Field Goal Good"
"245","401421137103975601",1,401421137,"Campbell","The Citadel",23,3,"Caleb Dowden",26,3,1,1,0.886124175272648,1,0.900351863007363,"Caleb Dowden 26 Yd Field Goal ",0.267756406911142,0.0076078,"2",3,2,43,4,9,9,TRUE,"Field Goal Good"
"246","401421156101917601",1,401421156,"Furman","North Greenville",7,0,"Ian Williams",54,0,0,1,0.399229874449276,1,0.441715249138272,"Ian Williams 54 yd FG MISSED",-1.37501370348722,-0.0160927,"1",1,8,23,4,10,37,FALSE,"Field Goal Missed"
"247","401421156102865301",1,401421156,"North Greenville","Furman",0,28,"Colin Karhu",45,0,0,1,0.58355174014756,1,0.6036604206803,"Colin Karhu 45 yd FG MISSED",-3.25282045722529,0.0090369,"1",2,13,46,4,7,28,FALSE,"Field Goal Missed"
"248","401421156102999901",1,401421156,"Furman","North Greenville",45,0,"Axel Lepvreau",18,3,1,1,0.954673259253857,1,0.954673259253857,"Axel Lepvreau 18 yd FG GOOD",0.13598022223843,0.002334,"1",2,0,0,2,1,1,TRUE,"Field Goal Good"
"249","401422922102987701",0,401422922,"Morehead State","Mercer",10,35,"Nathan Hazlett",33,3,1,1,0.786885522472235,1,0.790387230730518,"Nathan Hazlett 33 yd FG GOOD",0.883023701551629,0.0048479,"1",2,1,22,4,6,16,TRUE,"Field Goal Good"
"250","401422922103988401",0,401422922,"Morehead State","Mercer",13,49,"Nathan Hazlett",36,3,1,1,0.739389182808909,1,0.754005059291588,"Nathan Hazlett 36 yd FG GOOD",1.66570429613287,0.001594,"2",3,1,15,4,9,19,TRUE,"Field Goal Good"
"251","401422975101886801",1,401422975,"Western Carolina","Charleston Southern",3,0,"Richard McCollum",42,3,1,1,0.63737112952654,1,0.669959904315945,"Richard McCollum 42 yd FG GOOD",1.69333975832521,0.0410083,"1",1,11,31,4,17,25,TRUE,"Field Goal Good"
"252","401422975102967401",1,401422975,"Charleston Southern","Western Carolina",10,31,"Sam Babbush",50,3,1,1,0.484598845866931,1,0.496990486964609,"Sam Babbush 50 yd FG GOOD",2.73694421614164,0.0098995,"1",2,3,25,4,23,33,TRUE,"Field Goal Good"
"253","401422975104906201",1,401422975,"Charleston Southern","Western Carolina",31,45,"Sam Babbush",41,0,0,1,0.654842744631629,1,0.673589107080502,"Sam Babbush 41 yd FG MISSED",-2.96102644149649,-0.0178791,"2",4,9,37,4,0,24,FALSE,"Field Goal Missed"
"254","401422978102926201",1,401422978,"Towson","Bucknell",0,0,"Keegan Vaughan",39,0,0,1,0.689308840183122,1,0.707540224643375,"Keegan Vaughan 39 yd FG MISSED",-2.53047075284935,-0.0532534,"1",2,7,37,4,14,22,FALSE,"Field Goal Missed"
"255","401422978102995801",1,401422978,"Bucknell","Towson",0,0,"Ryan Schatzel",41,0,0,1,0.654842744631629,1,0.661185553263822,"Ryan Schatzel 41 yd FG MISSED",-1.63659788891671,0.0815235,"1",2,0,41,4,1,24,FALSE,"Field Goal Missed"
"256","401422978103955501",1,401422978,"Bucknell","Towson",0,0,"Ryan Schatzel",45,0,0,1,0.58355174014756,1,0.615689411466844,"Ryan Schatzel 45 yd FG MISSED",-5.90639540007539,-0.2491189,"2",3,4,44,4,7,28,FALSE,"Field Goal Missed"
"257","401422978104915701",1,401422978,"Towson","Bucknell",7,7,"Keegan Vaughan",37,0,0,1,0.722965405698557,1,0.7411261196332,"Keegan Vaughan 37 yd FG MISSED",-4.35078012042146,-0.0727484,"2",4,8,42,4,8,20,FALSE,"Field Goal Missed"
"258","401423136102878002",1,401423136,"Butler","St. Thomas University (Fl)",3,7,"Luka Zurak",19,3,1,1,0.949000388466587,1,0.95434874827047,"Luka Zurak 19 yd FG GOOD",0.164492228350296,-0.129616,"1",2,12,19,4,1,2,TRUE,"Field Goal Good"
"259","401423448101896802",0,401423448,"Howard","Alabama State",3,0,"Dylan West",33,3,1,1,0.786885522472235,1,0.809809845021495,"Dylan West 33 yd FG GOOD",0.828005936939939,0.0132748,"1",1,10,31,4,10,16,TRUE,"Field Goal Good"
"260","401423448102949902",0,401423448,"Howard","Alabama State",6,13,"Dylan West",28,3,1,1,0.860213325209804,1,0.86715152425225,"Dylan West 28 Yd Field Goal ",0.553770531526601,0.0125956,"1",2,4,54,4,11,11,TRUE,"Field Goal Good"
"261","401423448102999901",0,401423448,"Howard","Alabama State",6,13,"Dylan West",30,0,0,1,0.831930173180296,1,0.831930173180296,"Dylan West 30 yd FG MISSED",-2.49579051954089,-0.1400378,"1",2,0,0,2,3,13,FALSE,"Field Goal Missed"
"262","401423448104967001",0,401423448,"Alabama State","Howard",23,13,"Nathanial Eichner",29,3,1,1,0.846304110922688,1,0.853826657602407,"Nathanial Eichner 29 yd FG GOOD",0.518333707990484,0.0064036,"2",4,3,29,4,7,12,TRUE,"Field Goal Good"
"263","401423918102999201",1,401423918,"Prairie View","Texas Southern",24,14,"Carlos Villagomez",41,3,1,1,0.654842744631629,1,0.66105398698537,"Carlos Villagomez 41 yd FG GOOD",1.3085906772172,0.0222215,"1",2,0,7,4,4,24,TRUE,"Field Goal Good"
"264","401423918104869701",1,401423918,"Texas Southern","Prairie View",23,37,"Richard Garcia III",39,3,1,1,0.689308840183122,1,0.708951578091869,"Richard Garcia III 39 yd FG GOOD",1.72320658028507,0.0058189,"2",4,13,2,4,11,22,TRUE,"Field Goal Good"
"265","401423918104988101",1,401423918,"Prairie View","Texas Southern",40,23,"Carlos Villagomez",21,3,1,1,0.935497140534419,1,0.937483247180815,"Carlos Villagomez 21 yd FG GOOD",0.215901995965064,0.0003218,"2",4,1,18,4,4,4,TRUE,"Field Goal Good"
"266","401424402102964001",1,401424402,"Monmouth","New Hampshire",14,14,"Vincenzo Rea",38,0,0,1,0.706259503651492,1,0.718728783466349,"Vincenzo Rea 38 yd FG MISSED",-2.72926952642568,-0.0612897,"1",2,3,59,4,8,21,FALSE,"Field Goal Missed"
"267","401424402102999301",1,401424402,"New Hampshire","Monmouth",17,14,"Nick Mazzie",28,3,1,1,0.860213325209804,1,0.862906568021803,"Nick Mazzie 28 Yd Field Goal ",0.496880544953435,0.0105814,"1",2,0,6,4,12,11,TRUE,"Field Goal Good"
"268","401424415101964701",1,401424415,"Villanova","Lehigh",3,0,"Matthew Mercurio",27,3,1,1,0.873530423694007,1,0.88758293848346,"Matthew Mercurio 27 yd FG GOOD",0.445941061601636,0.0044269,"1",1,3,52,4,9,10,TRUE,"Field Goal Good"
"269","401424415103907401",1,401424415,"Lehigh","Villanova",17,31,"Dylan Van Dusen",35,3,1,1,0.755512505868963,1,0.776537153317517,"Dylan Van Dusen 35 yd FG GOOD",1.25762251102965,-0.0008296,"2",3,9,25,4,5,18,TRUE,"Field Goal Good"
"270","401424416103938001",1,401424416,"Albany","Baylor",10,42,"John Opalko",25,3,1,1,0.897879661726428,1,0.906586037104692,"John Opalko 25 yd FG GOOD",0.551994268585093,0.003009,"2",3,6,19,4,4,8,TRUE,"Field Goal Good"
"271","401424943101986501",1,401424943,"Arkansas-Pine Bluff","Lane",17,7,"Crist Thompson",23,3,1,1,0.91858831898569,1,0.928391754332512,"Crist Thompson 23 yd FG GOOD",0.22562269019098,0.0232857,"1",1,1,34,4,3,6,TRUE,"Field Goal Good"
"272","401424943102949101",1,401424943,"Arkansas-Pine Bluff","Lane",20,21,"Crist Thompson",21,3,1,1,0.935497140534419,1,0.939370615134318,"Crist Thompson 21 yd FG GOOD",0.217856727863332,0.0017209,"1",2,5,8,4,4,4,TRUE,"Field Goal Good"
"273","401424943104949701",1,401424943,"Arkansas-Pine Bluff","Lane",48,42,"Crist Thompson",31,0,0,1,0.817196105671127,1,0.827555476381234,"Crist Thompson 31 yd FG MISSED",-2.8009523629603,-0.0649259,"2",4,5,2,4,2,14,FALSE,"Field Goal Missed"
"274","401424947102985301",1,401424947,"Jackson State","Florida A&M",24,0,"Alejandro Mata",36,3,1,1,0.739389182808909,1,0.747335703009098,"Alejandro Mata 36 yd FG GOOD",0.959742559736238,0.0058707,"1",2,1,46,4,8,19,TRUE,"Field Goal Good"
"275","401424947102994101",1,401424947,"Florida A&M","Jackson State",3,24,"Jose Romo-Martinez",43,3,1,1,0.619714572628981,1,0.625022911758074,"Jose Romo-Martinez 43 yd FG GOOD",1.64545021662757,0.0049322,"1",2,0,58,4,18,26,TRUE,"Field Goal Good"
"276","401425418103947901",1,401425418,"Grambling","Arkansas State",3,37,"Garrett Urban",30,3,1,1,0.831930173180296,1,0.844123754249498,"Garrett Urban 30 yd FG GOOD",0.991513762813018,0.0018985,"2",3,5,20,4,13,13,TRUE,"Field Goal Good"
"277","401425510102935901",1,401425510,"East Tennessee State","Mars Hill",20,0,"Tyler Keltner",53,0,0,1,0.420541571384803,1,0.450732167166544,"Tyler Keltner 53 yd FG MISSED",-1.33408233082438,0.0009807,"1",2,6,40,4,14,36,FALSE,"Field Goal Missed"
"278","401425510103979101",1,401425510,"East Tennessee State","Mars Hill",44,7,"Tyler Keltner",44,3,1,1,0.601806172147826,1,0.642731916291193,"Tyler Keltner 44 yd FG GOOD",1.15884033695091,0.0028202,"2",3,2,8,4,5,27,TRUE,"Field Goal Good"
"279","401425510104914101",1,401425510,"East Tennessee State","Mars Hill",44,7,"Tyler Keltner",53,0,0,1,0.420541571384803,1,0.461574749723704,"Tyler Keltner 53 yd FG MISSED",-0.910126527567246,0.0006825,"2",4,8,58,4,4,36,FALSE,"Field Goal Missed"
"280","401425510104937401",1,401425510,"Mars Hill","East Tennessee State",7,44,"Andre Labat",32,0,0,1,0.802171025258863,1,0.809981515771894,"Andre Labat 32 yd FG MISSED",-4.06636525940999,0.0002361,"2",4,6,25,4,10,15,FALSE,"Field Goal Missed"
"281","401425513102867201",1,401425513,"Delaware State","Lincoln (PA)",7,0,"Nathan Wilson",38,0,0,1,0.706259503651492,1,0.731197081461277,"Nathan Wilson 38 yd FG MISSED",-2.6928866078493,-0.0305353,"1",2,13,27,4,13,21,FALSE,"Field Goal Missed"
"282","401425513104867218",1,401425513,"Delaware State","Lincoln (PA)",19,0,"Nathan Wilson",35,3,1,1,0.755512505868963,1,0.776731696956247,"Nathan Wilson 35 Yd Field Goal ",0.73274494072726,-0.0147692,"2",4,9,8,4,13,18,TRUE,"Field Goal Good"
"283","401426330102879702",1,401426330,"Old Dominion","Virginia Tech",3,7,"Ethan Sanchez",29,3,1,1,0.846304110922688,1,0.859270520506925,"Ethan Sanchez 29 yd FG GOOD",0.649822296329735,0.0031823,"1",2,12,2,4,9,12,TRUE,"Field Goal Good"
"284","401426330103909601",1,401426330,"Virginia Tech","Old Dominion",10,10,"William Ross",44,3,1,1,0.601806172147826,1,0.634015517229829,"William Ross 44 yd FG GOOD",2.02672367069698,0.0652887,"2",3,9,3,4,6,27,TRUE,"Field Goal Good"
"285","401426330104876901",1,401426330,"Old Dominion","Virginia Tech",13,17,"Ethan Sanchez",20,3,1,1,0.942636279565224,1,0.948451031474743,"Ethan Sanchez 20 yd FG GOOD",0.199630136531596,-0.002183,"2",4,12,30,4,3,3,TRUE,"Field Goal Good"
"286","401426530101938701",0,401426530,"Florida Atlantic","Charlotte",10,7,"M. Suarez",43,3,1,1,0.619714572628981,1,0.65108430350372,"M. Suarez 43 yd FG GOOD",1.86411630911697,0.0635039,"1",1,6,12,4,2,26,TRUE,"Field Goal Good"
"287","401426530102964301",0,401426530,"Florida Atlantic","Charlotte",11,7,"M. Suarez",19,3,1,1,0.949000388466587,1,0.952085808169861,"M. Suarez 19 yd FG GOOD",0.142641409931637,-0.2396124,"1",2,3,56,4,2,2,TRUE,"Field Goal Good"
"288","401426530104925801",0,401426530,"Florida Atlantic","Charlotte",43,13,"Morgan Suarez",42,3,1,1,0.63737112952654,1,0.663773066573949,"Morgan Suarez 42 Yd Field Goal ",1.22951402836059,0.0014137,"2",4,7,41,4,7,25,TRUE,"Field Goal Good"
"289","401426531101849932",0,401426531,"UTEP","North Texas",0,0,"Gavin Baechle",41,0,0,1,0.654842744631629,1,0.687723391715839,"Gavin Baechle 41 yd FG MISSED",-2.19501882678309,-0.0014832,"1",1,15,0,4,8,24,FALSE,"Field Goal Missed"
"290","401426531102948501",0,401426531,"UTEP","North Texas",10,7,"Gavin Baechle",29,3,1,1,0.846304110922688,1,0.854946510637206,"Gavin Baechle 29 yd FG GOOD",0.566221263870168,0.0173045,"1",2,5,14,4,5,12,TRUE,"Field Goal Good"
"291","401426531102999201",0,401426531,"UTEP","North Texas",13,14,"Gavin Baechle",26,3,1,1,0.886124175272648,1,0.888273410611133,"Gavin Baechle 26 yd FG GOOD",0.404326845062078,-0.0776733,"1",2,0,7,4,9,9,TRUE,"Field Goal Good"
"292","401426531104919401",0,401426531,"North Texas","UTEP",31,13,"Ethan Mooney",28,3,1,1,0.860213325209804,1,0.871981805861483,"Ethan Mooney 28 yd FG GOOD",0.416697505011904,0.0047068,"2",4,8,5,4,11,11,TRUE,"Field Goal Good"
"293","401426532101944101",0,401426532,"Austin Peay","Western Kentucky",3,7,"Maddux Trujillo",41,3,1,1,0.654842744631629,1,0.682396875571581,"Maddux Trujillo 41 yd FG GOOD",1.77704288483933,0.0325719,"1",1,5,58,4,13,24,TRUE,"Field Goal Good"
"294","401426532103918701",0,401426532,"Austin Peay","Western Kentucky",20,21,"Maddux Trujillo",49,3,1,1,0.505448138230005,1,0.540150934191617,"Maddux Trujillo 49 yd FG GOOD",2.75334168112047,0.0924259,"2",3,8,12,4,12,32,TRUE,"Field Goal Good"
"295","401426532104968101",0,401426532,"Western Kentucky","Austin Peay",38,27,"Brayden Narveson",23,3,1,1,0.91858831898569,1,0.922827694321255,"Brayden Narveson 23 yd FG GOOD",0.249033119564549,0.003699,"2",4,3,18,4,3,6,TRUE,"Field Goal Good"
"296","401426533101984701",1,401426533,"Bryant","Florida International",9,0,"Ethan Gettman",28,3,1,1,0.860213325209804,1,0.876003055517186,"Ethan Gettman 28 yd FG GOOD",0.431911878454883,-0.0371085,"1",1,1,52,4,6,11,TRUE,"Field Goal Good"
"297","401426534102999901",1,401426534,"UAB","Alabama A&M",38,0,"Matt Quinn",51,3,1,1,0.463390313952914,1,0.463390313952914,"Matt Quinn 51 yd FG GOOD",1.60982905814126,0.0041226,"1",2,0,0,4,11,34,TRUE,"Field Goal Good"
"298","401426535101000033",1,401426535,"William & Mary","Charlotte",3,0,"Ethan Chang",36,3,1,1,0.739389182808909,1,0.767931106817433,"Ethan Chang 36 Yd Field Goal ",0.950499272932104,-0.2138677,"1",1,12,17,1,10,19,TRUE,"Field Goal Good"
"299","401426535101878201",1,401426535,"Charlotte","William & Mary",3,3,"Antonio Zita",32,3,1,1,0.802171025258863,1,0.821476502160243,"Antonio Zita 32 Yd Field Goal ",0.856354623324237,0.1949092,"1",1,5,19,4,8,15,TRUE,"Field Goal Good"
"300","401426535102879401",1,401426535,"Charlotte","William & Mary",3,10,"Antonio Zita",50,0,0,1,0.484598845866931,1,0.51203970597857,"Antonio Zita 50 yd FG MISSED",-1.63933476458775,0.0213685,"1",2,12,5,4,11,33,FALSE,"Field Goal Missed"
"301","401426535102986101",1,401426535,"William & Mary","Charlotte",17,10,"Ethan Chang",37,0,0,1,0.722965405698557,1,0.729801173290346,"Ethan Chang 37 yd FG MISSED",-5.64091749153813,-0.1917965,"1",2,1,38,4,11,20,FALSE,"Field Goal Missed"
"302","401426535103956901",1,401426535,"William & Mary","Charlotte",20,17,"Ethan Chang",28,3,1,1,0.860213325209804,1,0.875733084704861,"Ethan Chang 28 Yd Field Goal ",0.494214032638093,-0.0255173,"2",3,4,30,4,5,11,TRUE,"Field Goal Good"
"303","401426536101929901",1,401426536,"Ohio","Florida Atlantic",3,7,"Nathanial Vakos",29,3,1,1,0.846304110922688,1,0.862477434801328,"Nathanial Vakos 29 yd FG GOOD",0.626338592156672,NA,"1",1,7,0,4,10,12,TRUE,"Field Goal Good"
"304","401426536101974901",1,401426536,"Florida Atlantic","Ohio",10,3,"Morgan Suarez",24,3,1,1,0.908714578920598,1,0.919557297032388,"Morgan Suarez 24 yd FG GOOD",0.275435554269366,0.010012,"1",1,2,50,4,7,7,TRUE,"Field Goal Good"
"305","401426536102987501",1,401426536,"Ohio","Florida Atlantic",13,17,"Nathanial Vakos",36,3,1,1,0.739389182808909,1,0.744738645538701,"Nathanial Vakos 36 yd FG GOOD",1.04260060926668,-0.0531944,"1",2,1,24,4,13,19,TRUE,"Field Goal Good"
"306","401426537101945101",1,401426537,"Louisiana Tech","Missouri",3,0,"Jacob Barnes",33,3,1,1,0.786885522472235,1,0.808567214606471,"Jacob Barnes 33 yd FG GOOD",0.858008000010472,0.0214813,"1",1,5,48,4,3,16,TRUE,"Field Goal Good"
"307","401426537102997002",1,401426537,"Louisiana Tech","Missouri",10,21,"Jacob Barnes",50,0,0,1,0.484598845866931,1,0.49163724405173,"Jacob Barnes 50 yd FG MISSED",-1.84697714908484,-0.0493019,"1",2,0,29,4,7,33,FALSE,"Field Goal Missed"
"308","401426537102999502",1,401426537,"Missouri","Louisiana Tech",24,10,"Harrison Mevis",31,3,1,1,0.817196105671127,1,0.817196105671127,"Harrison Mevis 31 yd FG GOOD",0.54841168298662,-0.0103914,"1",2,0,4,1,10,14,TRUE,"Field Goal Good"
"309","401426538101916701",1,401426538,"James Madison","Middle Tennessee",0,0,"Camden Wise",37,0,0,1,0.722965405698557,1,0.749811577989441,"Camden Wise 37 yd FG BLOCKED blocked by",-2.46948476010196,-0.0646395,"1",1,8,32,4,11,20,FALSE,"Blocked Field Goal"
"310","401426539102859401",1,401426539,"North Texas","SMU",0,14,"Ethan Mooney",31,0,0,1,0.817196105671127,1,0.831993220140774,"Ethan Mooney 31 yd FG BLOCKED blocked by",-3.67267071759307,-0.0373643,"1",2,14,5,4,3,14,FALSE,"Blocked Field Goal"
"311","401426539102888501",1,401426539,"North Texas","SMU",3,14,"Ethan Mooney",33,3,1,1,0.786885522472235,1,0.80178054995221,"Ethan Mooney 33 yd FG GOOD",1.04237118017914,0.0018869,"1",2,11,14,4,16,16,TRUE,"Field Goal Good"
"312","401426539102954701",1,401426539,"SMU","North Texas",24,3,"Collin Rogers",39,3,1,1,0.689308840183122,1,0.706550497581816,"Collin Rogers 39 yd FG GOOD",1.10694361325756,0.0109469,"1",2,4,52,4,5,22,TRUE,"Field Goal Good"
"313","401426539104935201",1,401426539,"SMU","North Texas",48,10,"Brendan Hall",32,3,1,1,0.802171025258863,1,0.818791707942238,"Brendan Hall 32 yd FG GOOD",0.457533574284891,0.0003854,"2",4,6,47,4,4,15,TRUE,"Field Goal Good"
"314","401426540102999901",1,401426540,"USC","Rice",31,14,"Denis Lynch",25,3,1,1,0.897879661726428,1,0.897879661726428,"Denis Lynch 25 yd FG GOOD",0.306361014820715,-0.001349,"1",2,0,0,4,8,8,TRUE,"Field Goal Good"
"315","401426541102858701",1,401426541,"UTEP","Oklahoma",3,21,"Gavin Baechle",48,3,1,1,0.525812504955746,1,0.549355194549766,"Gavin Baechle 48 yd FG GOOD",3.01614620551887,0.0100989,"1",2,14,12,4,19,31,TRUE,"Field Goal Good"
"316","401426541104859801",1,401426541,"UTEP","Oklahoma",13,42,"Gavin Baechle",54,3,1,1,0.399229874449276,1,0.420797458983049,"Gavin Baechle 54 yd FG GOOD",4.24830887087284,0.0028925,"2",4,14,1,4,10,37,TRUE,"Field Goal Good"
"317","401426541104948201",1,401426541,"Oklahoma","UTEP",45,13,"Zach Schmit",22,3,1,1,0.927502916506649,1,0.93326137971577,"Zach Schmit 22 yd FG GOOD",0.154071427870091,0.0003875,"2",4,5,17,4,5,5,TRUE,"Field Goal Good"
"318","401426542104997601",1,401426542,"Houston","UT San Antonio",24,21,"Bubba Baxa",35,3,1,1,0.755512505868963,1,0.760097499708275,"Bubba Baxa 35 Yd Field Goal ",0.916443452269913,0.0095268,"2",4,0,23,4,7,18,TRUE,"Field Goal Good"
"319","401426542104999901",1,401426542,"UT San Antonio","Houston",24,24,"Jared Sackett",37,3,1,1,0.722965405698557,1,0.722965405698557,"Jared Sackett 37 Yd Field Goal ",0.831103782904328,NA,"2",4,0,0,2,10,20,TRUE,"Field Goal Good"
"320","401426543101885301",1,401426543,"Hawai'i","Western Kentucky",3,0,"Matthew Shipley",40,3,1,1,0.672158198655559,1,0.703030891065848,"Matthew Shipley 40 yd FG GOOD",1.47052493980474,0.0329473,"1",1,11,46,4,23,23,TRUE,"Field Goal Good"
"321","401426543102997201",1,401426543,"Western Kentucky","Hawai'i",21,10,"Brayden Narveson",26,0,0,1,0.886124175272648,1,0.888849457111719,"Brayden Narveson 26 yd FG MISSED",-2.60892180221188,NA,"1",2,0,27,4,5,9,FALSE,"Field Goal Missed"
"322","401428480104869301",1,401428480,"Fordham","Wagner",28,28,"Brandon Peskin",21,0,0,1,0.935497140534419,1,0.94245278173196,"Brandon Peskin 21 yd FG MISSED",-3.62814611918785,0.0086387,"2",4,13,6,4,4,4,FALSE,"Field Goal Missed"
"323","401428480104995201",1,401428480,"Wagner","Fordham",31,48,"Austin Hosier",32,3,1,1,0.802171025258863,1,0.805439288094612,"Austin Hosier 32 Yd Field Goal ",0.777815430968407,0.000846,"2",4,0,47,4,15,15,TRUE,"Field Goal Good"
"324","401431403101967901",1,401431403,"Marist","Georgetown",3,0,"Luke Paladino",26,3,1,1,0.886124175272648,1,0.898900740429183,"Luke Paladino 26 yd FG GOOD",0.392710515015909,0.010468,"1",1,3,20,4,7,9,TRUE,"Field Goal Good"
"325","401431403102999901",1,401431403,"Marist","Georgetown",6,20,"Luke Paladino",45,3,1,1,0.58355174014756,1,0.58355174014756,"Luke Paladino 45 yd FG GOOD",1.24934477955732,-0.0258925,"1",2,0,0,3,10,28,TRUE,"Field Goal Good"
"326","401431403104954801",1,401431403,"Georgetown","Marist",37,12,"Patrick Ryan",22,3,1,1,0.927502916506649,1,0.932723378721772,"Patrick Ryan 22 yd FG GOOD",0.177586133851734,0.0011367,"2",4,4,51,4,4,5,TRUE,"Field Goal Good"
"327","401431610102866401",1,401431610,"Weber State","Western Oregon",14,2,"Kyle Thompson",49,0,0,1,0.505448138230005,1,0.542874268009068,"Kyle Thompson 49 yd FG MISSED",-3.81031651249145,-0.062387,"1",2,13,35,4,12,32,FALSE,"Field Goal Missed"
"328","401431610102957401",1,401431610,"Weber State","Western Oregon",24,2,"Kyle Thompson",24,3,1,1,0.908714578920598,1,0.914828159323604,"Kyle Thompson 24 Yd Field Goal ",0.235626968611082,-0.0018994,"1",2,4,25,4,7,7,TRUE,"Field Goal Good"
"329","401431610103916101",1,401431610,"Western Oregon","Weber State",5,24,"Daniel Cossette",34,3,1,1,0.771338672335057,1,0.791709182253839,"Daniel Cossette 34 Yd Field Goal ",1.13526662072998,-0.0633986,"2",3,8,38,4,9,17,TRUE,"Field Goal Good"
"330","401431610104884401",1,401431610,"Weber State","Western Oregon",34,5,"Kyle Thompson",39,3,1,1,0.689308840183122,1,0.718328411326066,"Kyle Thompson 39 Yd Field Goal ",0.974285999774389,0.0032396,"2",4,11,55,4,12,22,TRUE,"Field Goal Good"
"331","401432189101898201",1,401432189,"San Diego","La Verne",0,0,"Aidan Lehman",39,0,0,1,0.689308840183122,1,0.718732590138689,"Aidan Lehman 39 yd FG MISSED",-2.32343252355293,-0.079241,"1",1,10,17,4,15,22,FALSE,"Field Goal Missed"
"332","401432189102966301",1,401432189,"San Diego","La Verne",17,0,"Aidan Lehman",43,3,1,1,0.619714572628981,1,0.636292059479697,"Aidan Lehman 43 yd FG GOOD",1.47166117751367,0.0139727,"1",2,3,36,4,16,26,TRUE,"Field Goal Good"
"333","401432189102999901",1,401432189,"San Diego","La Verne",27,0,"Aidan Lehman",38,3,1,1,0.706259503651492,1,0.706259503651492,"Aidan Lehman 38 yd FG GOOD",0.881221489045523,0.0012223,"1",2,0,0,4,3,21,TRUE,"Field Goal Good"
"334","401432189103979901",1,401432189,"San Diego","La Verne",44,0,"Brandon Eickert",23,3,1,1,0.91858831898569,1,0.930183606756324,"Brandon Eickert 23 yd FG GOOD",0.0503521533473581,0.0009008,"2",3,2,0,4,4,6,TRUE,"Field Goal Good"
"335","401432239102909801",1,401432239,"Gardner-Webb","Limestone",28,7,"Jay Billingsley",42,0,0,1,0.63737112952654,1,0.664502022102968,"Jay Billingsley 42 yd FG MISSED",-1.66314287380697,0.0006223,"1",2,9,1,4,7,25,FALSE,"Field Goal Missed"
"336","401432239104899701",1,401432239,"Gardner-Webb","Limestone",56,21,"Jay Billingsley",33,0,0,1,0.786885522472235,1,0.808418558739248,"Jay Billingsley 33 yd FG MISSED",-1.70523335732822,0.0006427,"2",4,10,2,4,0,16,FALSE,"Field Goal Missed"
"337","401435072101897201",1,401435072,"Holy Cross","Merrimack",3,0,"Derek Ng",37,3,1,1,0.722965405698557,1,0.750395547543684,"Derek Ng 37 yd FG GOOD",1.17887213612184,0.0274768,"1",1,10,27,4,9,20,TRUE,"Field Goal Good"
"338","401435072101929501",1,401435072,"Merrimack","Holy Cross",3,3,"Lliam Davis",40,3,1,1,0.672158198655559,1,0.700525270820455,"Lliam Davis 40 Yd Field Goal ",1.57472990832598,0.0471507,"1",1,7,4,4,9,23,TRUE,"Field Goal Good"
"339","401435072102958601",1,401435072,"Holy Cross","Merrimack",19,3,"Derek Ng",26,3,1,1,0.886124175272648,1,0.892850523448008,"Derek Ng 26 yd FG GOOD",0.344401241799875,0.004634,"1",2,4,13,4,9,9,TRUE,"Field Goal Good"
"340","401435072102999901",1,401435072,"Holy Cross","Merrimack",19,10,"Derek Ng",41,0,0,1,0.654842744631629,1,0.654842744631629,"Derek Ng 41 yd FG MISSED",-1.96452823389489,-0.0619942,"1",2,0,0,1,10,24,FALSE,"Field Goal Missed"
"341","401435072103997301",1,401435072,"Holy Cross","Merrimack",24,10,"Derek Ng",30,3,1,1,0.831930173180296,1,0.84999249088125,"Derek Ng 30 yd FG GOOD",0.535437333792379,0.0163142,"2",3,0,26,4,12,13,TRUE,"Field Goal Good"
"342","401441990101987601",1,401441990,"Toledo","Long Island University",3,0,"Thomas Cluckey",43,3,1,1,0.619714572628981,1,0.648733284613404,"Thomas Cluckey 43 yd FG GOOD",1.89749255820871,0.0877069,"1",1,1,23,4,10,26,TRUE,"Field Goal Good"
"343","401441990102899801",1,401441990,"Toledo","Long Island University",6,0,"Thomas Cluckey",27,3,1,1,0.873530423694007,1,0.884566241798296,"Thomas Cluckey 27 yd FG GOOD",0.443909906214364,0.0235934,"1",2,10,1,4,4,10,TRUE,"Field Goal Good"
"344","401441990104868201",1,401441990,"Toledo","Long Island University",23,0,"Thomas Cluckey",30,3,1,1,0.831930173180296,1,0.850142023236335,"Thomas Cluckey 30 yd FG GOOD",0.450818975538182,0.0075479,"2",4,13,17,4,11,13,TRUE,"Field Goal Good"
"345","401466246101897101",1,401466246,"Indiana Wesleyan","Valparaiso",3,0,"Ethan Collins",25,3,1,1,0.897879661726428,1,0.910651471747983,"Ethan Collins 25 yd FG GOOD",0.31993985323457,-0.0053833,"1",1,10,28,4,9,8,TRUE,"Field Goal Good"
"346","401466246101959001",1,401466246,"Valparaiso","Indiana Wesleyan",3,3,"Brian Bartholomew",30,3,1,1,0.831930173180296,1,0.849190305169001,"Brian Bartholomew 30 yd FG GOOD",0.67025676266883,0.0048064,"1",1,4,9,3,12,13,TRUE,"Field Goal Good"
"347","401466246104986301",1,401466246,"Valparaiso","Indiana Wesleyan",20,17,"Dawson Pierson",50,3,1,1,0.484598845866931,1,0.494351844945958,"Dawson Pierson 50 yd FG GOOD",2.26713397246839,0.0493537,"2",4,1,36,4,9,33,TRUE,"Field Goal Good"
"348","401466246104999601",1,401466246,"Indiana Wesleyan","Valparaiso",17,20,"Ethan Collins",54,0,0,1,0.399229874449276,1,0.399229874449276,"Ethan Collins 54 yd FG MISSED",-1.19768962334783,NA,"2",4,0,3,4,10,37,FALSE,"Field Goal Missed"
